no,nama_tempat,nama_reviewer,rating,tanggal,ulasan,jumlah_ulasan_reviewer,foto
1,N/A,Tia erliani,5,13 jam lalu,"bagus banget tempatnya, pelayanannya rmaha banget jugaa",N/A,Tidak
2,N/A,LUTFIA CITRA,5,13 jam lalu,N/A,N/A,Tidak
3,N/A,Degan Wulung,5,19 jam lalu,N/A,N/A,Tidak
4,N/A,Hikmanursyafa,5,1 hari lalu,N/A,N/A,Tidak
5,N/A,Intan Nuraini,5,1 hari lalu,Cloud nya enak kak Enggar juga bagus pelayanannya,N/A,Tidak
6,N/A,Arjuna Panji A,5,1 hari lalu,N/A,N/A,Tidak
7,N/A,Tegar Nurul fachmi,5,1 hari lalu,N/A,N/A,Tidak
8,N/A,Reno Ajaaa,5,1 hari lalu,N/A,N/A,Tidak
9,N/A,Galih Ramadhan,5,1 hari lalu,N/A,N/A,Tidak
10,N/A,ahmadibam,5,1 hari lalu,N/A,N/A,Tidak
11,N/A,Ria Vandestha,5,1 hari lalu,N/A,N/A,Tidak
12,N/A,Vania,5,1 hari lalu,N/A,N/A,Tidak
13,N/A,Zahwa Alyla,5,1 hari lalu,N/A,N/A,Tidak
14,N/A,Aku Idamanmu,5,1 hari lalu,N/A,N/A,Tidak
15,N/A,Regita Pramesti,5,1 hari lalu,N/A,N/A,Tidak
16,N/A,Ainul Latif,5,1 hari lalu,N/A,N/A,Tidak
17,N/A,Iim Fitriya,5,1 hari lalu,N/A,N/A,Tidak
18,N/A,Ifka Fairana,5,1 hari lalu,N/A,N/A,Tidak
19,N/A,Fahri Gento,5,1 hari lalu,N/A,N/A,Tidak
20,N/A,Naning Nur,5,1 hari lalu,N/A,N/A,Tidak
21,N/A,Adelcia Safitri Islami 240101717,5,1 hari lalu,N/A,N/A,Tidak
22,N/A,Siti Nyrhalizah,5,1 hari lalu,N/A,N/A,Tidak
23,N/A,Lindi Putri,5,1 hari lalu,N/A,N/A,Tidak
24,N/A,Melisa Julianna,5,1 hari lalu,N/A,N/A,Tidak
25,N/A,Nabila Nuraini,5,1 hari lalu,N/A,N/A,Tidak
26,N/A,Ndysa lleyenala,5,1 hari lalu,"untuk minumnya enak tempatnya juga instagram abis,kak enggar juga baik",N/A,Tidak
27,N/A,clysnanaa nanaa,5,1 hari lalu,tempatnya cozy pelayanan kak enggar best banget terimakasih,N/A,Tidak
28,N/A,dzul krnkhn,5,1 hari lalu,gacorr banget dah pokonya pelayanan juga bagus parah kacau,N/A,Tidak
29,N/A,samuelth,5,1 hari lalu,N/A,N/A,Tidak
30,N/A,Lusi Lusi permata,5,1 hari lalu,N/A,N/A,Tidak
31,N/A,rafaa,5,1 hari lalu,N/A,N/A,Tidak
32,N/A,Reza Andhika,5,1 hari lalu,N/A,N/A,Tidak
33,N/A,Yogi Pratama,5,1 hari lalu,N/A,N/A,Tidak
34,N/A,luluk khuril ain,5,1 hari lalu,N/A,N/A,Tidak
35,N/A,Maulidia Tika,5,2 hari lalu,N/A,N/A,Tidak
36,N/A,anggita shifa,5,2 hari lalu,N/A,N/A,Tidak
37,N/A,Ryan Esa,5,2 hari lalu,N/A,N/A,Tidak
38,N/A,Danang Sadewa,5,2 hari lalu,N/A,N/A,Tidak
39,N/A,Chelsea Ravania,5,2 hari lalu,N/A,N/A,Tidak
40,N/A,oleev,5,2 hari lalu,N/A,N/A,Tidak
41,N/A,mie ayam,5,2 hari lalu,N/A,N/A,Tidak
42,N/A,ibaar,5,2 hari lalu,N/A,N/A,Tidak
43,N/A,Linda arsikaa,5,2 hari lalu,N/A,N/A,Tidak
44,N/A,Fitriani Wulandari,5,2 hari lalu,N/A,N/A,Tidak
45,N/A,Stefania Skia Grace,5,2 hari lalu,N/A,N/A,Tidak
46,N/A,kirana putri,5,2 hari lalu,N/A,N/A,Tidak
47,N/A,Maida El-khafi,5,2 hari lalu,N/A,N/A,Tidak
48,N/A,Erik Kurniawan,5,2 hari lalu,N/A,N/A,Tidak
49,N/A,Putri Rithalia,5,2 hari lalu,"kak aras sama kak Enggar luvv banget pelayanannya , sopan dan helpful bangett",N/A,Tidak
50,N/A,Riswa Rahman Fahmi,5,2 hari lalu,N/A,N/A,Tidak
51,N/A,Zildjian Jalu maulana “Jalu”,5,2 hari lalu,N/A,N/A,Tidak
52,N/A,Keyza nafatilova Atala sevill,5,2 hari lalu,N/A,N/A,Tidak
53,N/A,Lailia Alhawa,5,2 hari lalu,N/A,N/A,Tidak
54,N/A,Jeri bae,5,2 hari lalu,N/A,N/A,Tidak
55,N/A,fadhil akbar,5,2 hari lalu,N/A,N/A,Tidak
56,N/A,Fadhlan Nst,5,2 hari lalu,N/A,N/A,Tidak
57,N/A,young c,5,2 hari lalu,N/A,N/A,Tidak
58,N/A,Salhaeva kautsar Rohmat,5,2 hari lalu,N/A,N/A,Tidak
59,N/A,Akaylla Titan,5,2 hari lalu,N/A,N/A,Tidak
60,N/A,chelsea violeta,5,2 hari lalu,N/A,N/A,Tidak
61,N/A,Shelfi Yuwinda sari,5,2 hari lalu,N/A,N/A,Tidak
62,N/A,mhmmd rfi,5,2 hari lalu,N/A,N/A,Tidak
63,N/A,Baimm Uhuyy,5,2 hari lalu,waw pokoknya dah,N/A,Tidak
64,N/A,Wisnu Fahrezi,5,2 hari lalu,N/A,N/A,Tidak
65,N/A,kaisar ramdani,5,2 hari lalu,N/A,N/A,Tidak
66,N/A,Mochamad Nanda Juliansyah,5,2 hari lalu,N/A,N/A,Tidak
67,N/A,Nykia Albarr,5,2 hari lalu,N/A,N/A,Tidak
68,N/A,Rizqa Salsabila,5,2 hari lalu,N/A,N/A,Tidak
69,N/A,tsaltsa saparina,5,2 hari lalu,N/A,N/A,Tidak
70,N/A,Wa ode Nur hayati,5,2 hari lalu,N/A,N/A,Tidak
71,N/A,Kurnia rismarini Azizah,5,2 hari lalu,N/A,N/A,Tidak
72,N/A,Sukmawati Yusuf (Caca sukma),5,2 hari lalu,N/A,N/A,Tidak
73,N/A,MUFID M. YARBO,5,2 hari lalu,N/A,N/A,Tidak
74,N/A,RABBANI MILLATA HANIFA AUFIN,5,2 hari lalu,N/A,N/A,Tidak
75,N/A,Lilik Putri,5,2 hari lalu,N/A,N/A,Tidak
76,N/A,Evi Febry,5,2 hari lalu,N/A,N/A,Tidak
77,N/A,yudi Syahputra,5,2 hari lalu,pengalaman yang baik,N/A,Tidak
78,N/A,Derry Ramadhana,5,2 hari lalu,N/A,N/A,Tidak
79,N/A,Darvesh Miranda66,5,2 hari lalu,N/A,N/A,Tidak
80,N/A,Ayu Ulfiani,5,2 hari lalu,N/A,N/A,Tidak
81,N/A,Aulia Rahma,5,2 hari lalu,Tempatnya cozy dan nyaman,N/A,Tidak
82,N/A,Salwaaa Rdy,5,2 hari lalu,N/A,N/A,Tidak
83,N/A,Laila Mafiroh,5,2 hari lalu,N/A,N/A,Tidak
84,N/A,denss wopyu,5,2 hari lalu,asik menyenangkan pelayanannya juga ramah dan banyak tempat foto,N/A,Tidak
85,N/A,Erlando Alva Ardhani Nando,5,3 hari lalu,Barista itu menyukainya 🙏,N/A,Tidak
86,N/A,Bunga Kamilia,5,3 hari lalu,N/A,N/A,Tidak
87,N/A,Alwi Khaidar_133,5,3 hari lalu,N/A,N/A,Tidak
88,N/A,Yesita Yumna Nabila,5,3 hari lalu,N/A,N/A,Tidak
89,N/A,Yesita Yumna Nabila,5,3 hari lalu,N/A,N/A,Tidak
90,N/A,Nyasia Hampton,5,3 hari lalu,tempat bersih dan enak untuk chill,N/A,Tidak
91,N/A,Renata Radisty,5,3 hari lalu,N/A,N/A,Tidak
92,N/A,Raihan Ryamizard,5,3 hari lalu,N/A,N/A,Tidak
93,N/A,Anak Harum,5,3 hari lalu,"Ruangannya nyaman, AC-nya sejuk.",N/A,Tidak
94,N/A,06 ANNISA Nurrizqi,5,3 hari lalu,N/A,N/A,Tidak
95,N/A,Nazala Azkasya,5,3 hari lalu,N/A,N/A,Tidak
96,N/A,bintang samudra,5,3 hari lalu,N/A,N/A,Tidak
97,N/A,alindea widyaning arum putri,5,4 hari lalu,"pelayanannya ramah bgt, ada banyak spot foto""",N/A,Tidak
98,N/A,Rafif Gaming,5,4 hari lalu,N/A,N/A,Tidak
99,N/A,Tita Aisa,5,4 hari lalu,N/A,N/A,Tidak
100,N/A,Novita Marta,5,4 hari lalu,"keren banget tempatnya, cozy juga buat nongkrong, cafe kekinian dengan harga terjangkau, barista nya ramah” terutama ka anisa, dan ka Enggar GRO, makasi ya ka buat pelayanannya yang sangat ramah, sukses selaluu🫰🏻",N/A,Tidak
101,N/A,Vina Julianti,5,4 hari lalu,N/A,N/A,Tidak
102,N/A,Renanda Bagus,5,4 hari lalu,estetis,N/A,Tidak
103,N/A,M Fadhil Putra S,5,4 hari lalu,N/A,N/A,Tidak
104,N/A,Adrian Frizna Affandi,5,4 hari lalu,N/A,N/A,Tidak
105,N/A,Arsya Aditya Putra,5,4 hari lalu,N/A,N/A,Tidak
106,N/A,Avrenchandix Vicko,5,4 hari lalu,N/A,N/A,Tidak
107,N/A,caesy heydin safa majidda,5,5 hari lalu,N/A,N/A,Tidak
108,N/A,Coc Acount,5,5 hari lalu,N/A,N/A,Tidak
109,N/A,Astika Amr,5,5 hari lalu,N/A,N/A,Tidak
110,N/A,Leny diahis,5,5 hari lalu,N/A,N/A,Tidak
111,N/A,dendi.666,5,5 hari lalu,N/A,N/A,Tidak
112,N/A,Syarief Hidayat,5,5 hari lalu,N/A,N/A,Tidak
113,N/A,Ayu Listia Arifin,5,5 hari lalu,N/A,N/A,Tidak
114,N/A,DEDE IBNU HAJAR,5,5 hari lalu,N/A,N/A,Tidak
115,N/A,Muhammad Ali Rodho,5,5 hari lalu,N/A,N/A,Tidak
116,N/A,Anggie Rahma,5,5 hari lalu,N/A,N/A,Tidak
117,N/A,Bad ForYou,5,5 hari lalu,N/A,N/A,Tidak
118,N/A,Putra Danisa Muhammad Dava,5,5 hari lalu,N/A,N/A,Tidak
119,N/A,erfio egaa,5,5 hari lalu,pengalaman yang baik,N/A,Tidak
120,N/A,Puji surohman,5,5 hari lalu,N/A,N/A,Tidak
121,N/A,Atarafi Fadilah,5,5 hari lalu,N/A,N/A,Tidak
122,N/A,ptakbar jayateknik,5,5 hari lalu,N/A,N/A,Tidak
123,N/A,Arif Rizqy Arafat,5,5 hari lalu,N/A,N/A,Tidak
124,N/A,Nivalya neyan muflihul fatin,5,5 hari lalu,N/A,N/A,Tidak
125,N/A,Galih Ekaoktv,5,5 hari lalu,N/A,N/A,Tidak
126,N/A,Raje,5,5 hari lalu,N/A,N/A,Tidak
127,N/A,DRW,5,5 hari lalu,c28 adalah rumah kedua ✋😹🤚,N/A,Tidak
128,N/A,Nabella Rezkika Putri,5,6 hari lalu,N/A,N/A,Tidak
129,N/A,Galang Reksy Saputra,5,6 hari lalu,N/A,N/A,Tidak
130,N/A,njirrrxe 1990,5,6 hari lalu,N/A,N/A,Tidak
131,N/A,Heru Abi Furi,5,6 hari lalu,N/A,N/A,Tidak
132,N/A,Widiya Damayanti,5,6 hari lalu,N/A,N/A,Tidak
133,N/A,Rofi Dicky Wharrdiyono,5,6 hari lalu,N/A,N/A,Tidak
134,N/A,Areta Tsabitha Salsabila,5,6 hari lalu,N/A,N/A,Tidak
135,N/A,athaya nayla,5,6 hari lalu,N/A,N/A,Tidak
136,N/A,Fathur Rzx,5,6 hari lalu,N/A,N/A,Tidak
137,N/A,Ryzka Allya,5,6 hari lalu,N/A,N/A,Tidak
138,N/A,karomatul Filiyah,5,6 hari lalu,N/A,N/A,Tidak
139,N/A,Cucu Borg,5,6 hari lalu,N/A,N/A,Tidak
140,N/A,Wulan Ayu Haryadinatta,5,6 hari lalu,N/A,N/A,Tidak
141,N/A,Galuh Chandra Kirana,5,6 hari lalu,kopinya enak tempatnya cozyyy,N/A,Tidak
142,N/A,Riski Samsiyani,5,6 hari lalu,N/A,N/A,Tidak
143,N/A,M Ari Gunawan,5,6 hari lalu,N/A,N/A,Tidak
144,N/A,Widya Heri Oktaviani,5,6 hari lalu,N/A,N/A,Tidak
145,N/A,Kkn13 Unimus,5,6 hari lalu,N/A,N/A,Tidak
146,N/A,hela rasita,5,6 hari lalu,N/A,N/A,Tidak
147,N/A,Nisaa Ul,5,6 hari lalu,N/A,N/A,Tidak
148,N/A,tine aqda,5,6 hari lalu,N/A,N/A,Tidak
149,N/A,Claa Lawrence,5,6 hari lalu,N/A,N/A,Tidak
150,N/A,liaa liyokk,5,6 hari lalu,N/A,N/A,Tidak
151,N/A,Mstar Kiboy,5,6 hari lalu,N/A,N/A,Tidak
152,N/A,Syifaanindra Salma Khoirunnissa,5,6 hari lalu,N/A,N/A,Tidak
153,N/A,Adhitia,5,6 hari lalu,N/A,N/A,Tidak
154,N/A,fitha nurul,5,6 hari lalu,N/A,N/A,Tidak
155,N/A,19.Maulana Tirta Abyasa 7B,5,6 hari lalu,Keren,N/A,Tidak
156,N/A,Willy Syahputra,5,6 hari lalu,N/A,N/A,Tidak
157,N/A,Kofela Yoyo,5,6 hari lalu,"Kak enggar dan kak aras ramah banget ,murah senyum da best pokoke",N/A,Tidak
158,N/A,Razzan Ramadhan,5,6 hari lalu,N/A,N/A,Tidak
159,N/A,Obby ReaL,5,6 hari lalu,N/A,N/A,Tidak
160,N/A,Andy Setiawan,5,6 hari lalu,N/A,N/A,Tidak
161,N/A,Selamet Erfianda,5,6 hari lalu,N/A,N/A,Tidak
162,N/A,X Lixir,5,seminggu lalu,tempatnya rapi bersih nyaman,N/A,Tidak
163,N/A,darad 21 21,5,seminggu lalu,makananya enak tempatnya juga nyaman,N/A,Tidak
164,N/A,Argenta Maulana,5,seminggu lalu,Kedai kopi terwell,N/A,Tidak
165,N/A,fauziah dwr,5,seminggu lalu,nyaman tempatnya,N/A,Tidak
166,N/A,aldila wulan,5,seminggu lalu,N/A,N/A,Tidak
167,N/A,Vischa Nada Syahida,5,seminggu lalu,N/A,N/A,Tidak
168,N/A,pretie deis,5,seminggu lalu,N/A,N/A,Tidak
169,N/A,AkatsukiRico,5,seminggu lalu,Bagus bagus,N/A,Tidak
170,N/A,Rina Feb,5,seminggu lalu,N/A,N/A,Tidak
171,N/A,Dika Setiarto Nugroho,5,seminggu lalu,N/A,N/A,Tidak
172,N/A,Akbar Rois Shihab,5,seminggu lalu,Tempat nyaman buat nongkrong,N/A,Tidak
173,N/A,vikky loka,5,seminggu lalu,N/A,N/A,Tidak
174,N/A,oca violint,5,seminggu lalu,keren,N/A,Tidak
175,N/A,Novian B. Saputra,5,seminggu lalu,N/A,N/A,Tidak
176,N/A,Andhikha Wahyu Kurniawan,5,seminggu lalu,N/A,N/A,Tidak
177,N/A,Dream To,5,seminggu lalu,N/A,N/A,Tidak
178,N/A,Dian Ayudiningtyas,5,seminggu lalu,enak buat nongki,N/A,Tidak
179,N/A,Iam AkMal Rofi,5,seminggu lalu,Mantaapppppppp,N/A,Tidak
180,N/A,Fajr Pujiyantoro,5,seminggu lalu,N/A,N/A,Tidak
181,N/A,Dewi Ayati,5,seminggu lalu,N/A,N/A,Tidak
182,N/A,Estri Yuningsih,5,seminggu lalu,N/A,N/A,Tidak
183,N/A,Alfina Prabawanti,5,seminggu lalu,N/A,N/A,Tidak
184,N/A,Tedy Prasetyo Nurazis,5,seminggu lalu,N/A,N/A,Tidak
185,N/A,Istiaanaa _,5,seminggu lalu,N/A,N/A,Tidak
186,N/A,Elisa karunia,5,seminggu lalu,N/A,N/A,Tidak
187,N/A,DARK POWER,5,seminggu lalu,N/A,N/A,Tidak
188,N/A,Winda Amilia,5,seminggu lalu,N/A,N/A,Tidak
189,N/A,Khanifatun Nisa',5,seminggu lalu,N/A,N/A,Tidak
190,N/A,ney,5,seminggu lalu,N/A,N/A,Tidak
191,N/A,Myday Desik,5,seminggu lalu,N/A,N/A,Tidak
192,N/A,Rizka Audynaa,5,seminggu lalu,N/A,N/A,Tidak
193,N/A,Raisha Salza,5,seminggu lalu,"Tempatnya oke, pelayanannya oke, makanan minumannya juga oke",N/A,Tidak
194,N/A,khayla amira,5,seminggu lalu,Tempatnya nyamann banget buat nongkrong,N/A,Tidak
195,N/A,Fachri Rizky,5,seminggu lalu,enak banget tempatnyaa,N/A,Tidak
196,N/A,Setiyono Broto,5,seminggu lalu,N/A,N/A,Tidak
197,N/A,Khoirul Nur,5,seminggu lalu,N/A,N/A,Tidak
198,N/A,Novi Indriani,5,seminggu lalu,N/A,N/A,Tidak
199,N/A,Zoeyy Zoeyy,5,seminggu lalu,N/A,N/A,Tidak
200,N/A,anggraeni meisya,5,seminggu lalu,N/A,N/A,Tidak
201,N/A,Khoirul Iqbal,5,seminggu lalu,N/A,N/A,Tidak
202,N/A,Erni puspita97,5,seminggu lalu,Tempatnya nyaman dan estetik bangettt,N/A,Tidak
203,N/A,selvia Espinada,5,seminggu lalu,"Tempatnya sangat nyaman untuk nongkrong, banyak spot untuk foto dan f&b nya enak poll",N/A,Tidak
204,N/A,Hakim Mufid,5,seminggu lalu,N/A,N/A,Tidak
205,N/A,Bagus arya Saputra,5,seminggu lalu,N/A,N/A,Tidak
206,N/A,Tohari,5,seminggu lalu,N/A,N/A,Tidak
207,N/A,Rifka Nadifa Azzahra [FIP 2025],5,seminggu lalu,N/A,N/A,Tidak
208,N/A,Ida Amirotun Nisa',5,seminggu lalu,"tempatnya nyaman bangett, pelayananya ramahh, matchaanya enakk suka",N/A,Tidak
209,N/A,Lisa Salma,5,seminggu lalu,"mampir kesini untuk kongkow karena tempatnya cozy dan menarik banget dari segi desain dan lain sebagainya. order cloud matcha dan cloud coffee sangat creamy lalu rasanya balance juga. matchanya tipekal gak yang terlalu pahit dan dibuat creamy juga jadi aku sangat menikmati. kan nanya ada snack apa enggak ternyata adanya cuma pastry gitu terus nanya sama waiters yang depan kasir yg best seller apa disarankannya cheesecake sama satunya apa lupa terus milih aja cheesecakenya ternyata enak banget, gak terlalu manis gitu sukaaaa deh. waitersnya sangat amat helpful dan easygoing banget. tempatnya cukup lumayan luas ya ada yg indoor ac terus outdoor juga dan lantai 2 jadi bisa milih sesuai selera. ada photobox didepan sebelum pintu masuk tadi kepengen cobain eh ternyata error.",N/A,Tidak
210,N/A,aurora rora,5,seminggu lalu,N/A,N/A,Tidak
211,N/A,Yakik 1440,5,seminggu lalu,nyaman bgt,N/A,Tidak
212,N/A,Denistaimup floren,5,seminggu lalu,N/A,N/A,Tidak
213,N/A,mega anastasya,5,seminggu lalu,N/A,N/A,Tidak
214,N/A,Muhammad Eko Prasetyo,5,seminggu lalu,N/A,N/A,Tidak
215,N/A,Zhuniar Valentino Hafidz,5,seminggu lalu,N/A,N/A,Tidak
216,N/A,Boski Pake y,5,seminggu lalu,N/A,N/A,Tidak
217,N/A,Kinthen Ryan,5,seminggu lalu,N/A,N/A,Tidak
218,N/A,Mhnaenn,5,seminggu lalu,N/A,N/A,Tidak
219,N/A,victorine Ratih K,5,seminggu lalu,"Pengalaman pertama kesini, staffnya ramah2.. Super nyaman 😍😍 …",N/A,Tidak
220,N/A,Azka,5,seminggu lalu,N/A,N/A,Tidak
221,N/A,faiz nuruddin,5,seminggu lalu,N/A,N/A,Tidak
222,N/A,elvina velaniwibowo,5,seminggu lalu,N/A,N/A,Tidak
223,N/A,Farhan Jibran,5,seminggu lalu,suasananya enak poll,N/A,Tidak
224,N/A,raflie gntng,5,seminggu lalu,N/A,N/A,Tidak
225,N/A,Pras Setiyo,5,seminggu lalu,N/A,N/A,Tidak
226,N/A,Ega Saputra,5,seminggu lalu,N/A,N/A,Tidak
227,N/A,Wahyuning,5,seminggu lalu,N/A,N/A,Tidak
228,N/A,Faizal Andriyansyah,5,seminggu lalu,tempatnya rekomend cocok buat yang lagi ngerjain tugas atau nge date,N/A,Tidak
229,N/A,Donny Ardiansah Indraputra,5,seminggu lalu,nyaman,N/A,Tidak
230,N/A,Anggit Abdullah,5,seminggu lalu,N/A,N/A,Tidak
231,N/A,LahManaSayaTau _,5,seminggu lalu,"tempatnya bagus, asik dan karyawannya ramah",N/A,Tidak
232,N/A,33. Vito Mahesa Utomo,5,seminggu lalu,N/A,N/A,Tidak
233,N/A,cherylla zahabian,5,seminggu lalu,N/A,N/A,Tidak
234,N/A,Fatmadewi Lisa,5,seminggu lalu,N/A,N/A,Tidak
235,N/A,Shri Tani,5,seminggu lalu,N/A,N/A,Tidak
236,N/A,Elsha Amelya,5,seminggu lalu,ruang yang nyaman,N/A,Tidak
237,N/A,Aprilia Lia,5,seminggu lalu,Recomended bgt buat gen z ✨ thank u kak aras,N/A,Tidak
238,N/A,Lina,5,seminggu lalu,"recommended bgttttt gaesss, buruan kesiniiii",N/A,Tidak
239,N/A,Elvira Amanda,5,seminggu lalu,tempatnya bgus nyaman pokonya the best🤍🤍🤍,N/A,Tidak
240,N/A,jendral arthray,1,seminggu lalu,"pertama kali kesini malah dapet pengalaman ga enak. management c28 tolong training karyawannya biar lebih aware sama customer. saya tau lagi chaos, tapi memang sudah jobdesc mereka kan sebagai karyawan. kita udah antri kurang lebih 15 menit, tiba-tiba di serobot sama customer lain. dan karyawannya cuma ngelirik kita tanpa nanya pesenan kita apa. padahal udah jelas-jelas di serobot. jadi ga mood banget kesini. akhirnya kita pindah ke c28 malioboro. kalo memang pelayanannya sama aja berarti memang karyawan c28 ini perlu training, semanagementnya!. gimana sih ini, emang sebelum terjun ga ditraining dulu apa?",N/A,Tidak
241,N/A,ganda agung,5,seminggu lalu,N/A,N/A,Tidak
242,N/A,Nabil Nabil123,5,seminggu lalu,N/A,N/A,Tidak
243,N/A,Khairunisa Rinjani,4,seminggu lalu,Bagus !,N/A,Tidak
244,N/A,SD Ardiansyah,5,seminggu lalu,Rekomended bangeet,N/A,Tidak
245,N/A,Fachrian Ramadhan,5,seminggu lalu,worh ith sihh,N/A,Tidak
246,N/A,Fnh1,5,seminggu lalu,"pelayanan nya bagus dan ramah bgtt kakaknya, minuman nya juga enakk poll",N/A,Tidak
247,N/A,Riendri Noya,5,seminggu lalu,N/A,N/A,Tidak
248,N/A,Ell Sayy,5,seminggu lalu,tempatnya enak,N/A,Tidak
249,N/A,Zildjianiko Firdzan Organi,5,seminggu lalu,cozy enak buat nongkrong rame’,N/A,Tidak
250,N/A,slwamutia hasna1205,5,seminggu lalu,N/A,N/A,Tidak
251,N/A,Nur Fitroh,5,seminggu lalu,N/A,N/A,Tidak
252,N/A,4LAN,5,seminggu lalu,tempatnya enak estetik makanan dan minumannya enak,N/A,Tidak
253,N/A,lucky aji,5,seminggu lalu,Tempat nyaa enak minumanya enakkkk,N/A,Tidak
254,N/A,Denia Brian Ardiansyah,5,seminggu lalu,Tempat nya enak minuman nya enak,N/A,Tidak
255,N/A,shasi dwi nuryanto,5,seminggu lalu,"tempatnya bagus, nyaman makannya juga enakk",N/A,Tidak
256,N/A,nasywa fadilla,5,seminggu lalu,"Nyaman tempatnya, makanan enak, pelayanan ramah, gen z abisss",N/A,Tidak
257,N/A,valentina selviana,5,seminggu lalu,"tempatnya nyaman, banyak spot foto, pelayanan juga ramah",N/A,Tidak
258,N/A,agnes yudith sinala lomo,5,seminggu lalu,N/A,N/A,Tidak
259,N/A,aliya putri,5,seminggu lalu,N/A,N/A,Tidak
260,N/A,Intan Nerfina,5,seminggu lalu,N/A,N/A,Tidak
261,N/A,Ahnaf Rakha,5,seminggu lalu,N/A,N/A,Tidak
262,N/A,Azka Ananta,5,seminggu lalu,tempatnya 👍 …,N/A,Tidak
263,N/A,Y Msc,5,seminggu lalu,N/A,N/A,Tidak
264,N/A,aulia rahma,5,seminggu lalu,Tempatnya bagus estetikkk :p,N/A,Tidak
265,N/A,Karina Milga,5,seminggu lalu,"Minuman dan makanan enak, cocok untuk tempat nongkrong bersama teman-teman. Tempatnya estetik dan bagus.",N/A,Tidak
266,N/A,Indah Zaharo,5,seminggu lalu,Makanan dan minumannya enak dan tempatnya nyaman best banget,N/A,Tidak
267,N/A,Kevin 082,5,seminggu lalu,N/A,N/A,Tidak
268,N/A,Zaki Wafa,5,seminggu lalu,N/A,N/A,Tidak
269,N/A,Gilagakmasuk Masuk,5,seminggu lalu,N/A,N/A,Tidak
270,N/A,REPZTURUDEKK Hahayy,5,seminggu lalu,N/A,N/A,Tidak
271,N/A,yogzzevogun 16,5,seminggu lalu,N/A,N/A,Tidak
272,N/A,Diky Indra Atmaja,5,seminggu lalu,Mantapp syahdu🥰,N/A,Tidak
273,N/A,Marcelinus Doan Dimas C H,5,seminggu lalu,N/A,N/A,Tidak
274,N/A,Benedictus Dagomis,5,seminggu lalu,Tempat nyaman buat nongkrong,N/A,Tidak
275,N/A,Arya Duta,5,seminggu lalu,N/A,N/A,Tidak
276,N/A,Linggar Halisaa,5,seminggu lalu,N/A,N/A,Tidak
277,N/A,Ganiy D bagaskara,5,seminggu lalu,N/A,N/A,Tidak
278,N/A,Ahmad Afif,5,seminggu lalu,"Tempatnya nyaman, pelayanannya mantapp",N/A,Tidak
279,N/A,saya Raras,5,seminggu lalu,"tempatnya bagus, pelayanannya juga oke",N/A,Tidak
280,N/A,sop buntut,5,seminggu lalu,Wifinya kencang sekali,N/A,Tidak
281,N/A,Kiwil art.,5,seminggu lalu,semua layanan baik semua,N/A,Tidak
282,N/A,Albaa,5,seminggu lalu,tempatnya modern dan elegant cocok banget pokoknya,N/A,Tidak
283,N/A,saber ansel,5,seminggu lalu,N/A,N/A,Tidak
284,N/A,Atha albaqi,5,seminggu lalu,baguss nyaman,N/A,Tidak
285,N/A,raa pxm,5,seminggu lalu,playanan nya kak aras baik dan ramah,N/A,Tidak
286,N/A,ALE,5,seminggu lalu,N/A,N/A,Tidak
287,N/A,RKT ZAKI,5,seminggu lalu,kalcer banget let,N/A,Tidak
288,N/A,Vidia Putri,5,seminggu lalu,N/A,N/A,Tidak
289,N/A,Baha Bahapratama,5,seminggu lalu,N/A,N/A,Tidak
290,N/A,kristi agst,5,seminggu lalu,N/A,N/A,Tidak
291,N/A,rio apriyanto (rio),5,seminggu lalu,N/A,N/A,Tidak
292,N/A,Amin Naufal,5,seminggu lalu,N/A,N/A,Tidak
293,N/A,Manuel Ronald Suryantono,5,seminggu lalu,N/A,N/A,Tidak
294,N/A,Jean Alexsander Caesar,5,seminggu lalu,N/A,N/A,Tidak
295,N/A,Kerja Edwar,5,seminggu lalu,N/A,N/A,Tidak
296,N/A,Rafi Akhbar,5,seminggu lalu,N/A,N/A,Tidak
297,N/A,cantik,5,seminggu lalu,"buat nongkrong pw banget,hm rame banget ya",N/A,Tidak
298,N/A,Zahra Nur Azizah,1,seminggu lalu,this place was nice sampai akhirnya parkirnya 10k like… YOOOO!! umr jogja aja brp woi parkir sekejap aje bayar banyak macam tu like pls la bro maybe it sounds like medit but for me 10k js for parkir is too much… pls la be kind. kopi udh overprice masa parkirnya juga…,N/A,Tidak
299,N/A,Company Muhammad Dzaki Abdillah,5,seminggu lalu,N/A,N/A,Tidak
300,N/A,Nisa Isnaeny,5,seminggu lalu,N/A,N/A,Tidak
301,N/A,Enno Bayu Syahputra,5,seminggu lalu,N/A,N/A,Tidak
302,N/A,Zora Nico,5,seminggu lalu,N/A,N/A,Tidak
303,N/A,Revanno 112,5,seminggu lalu,N/A,N/A,Tidak
304,N/A,Farhan iqbal,5,seminggu lalu,N/A,N/A,Tidak
305,N/A,20_ Vincentius Kevin Andriyanto,5,seminggu lalu,pelayanannya bagus dan ramah,N/A,Tidak
306,N/A,Endika Rahmat,5,seminggu lalu,N/A,N/A,Tidak
307,N/A,Okky Bagas,5,seminggu lalu,nyaman sekali,N/A,Tidak
308,N/A,Ardian Maulana,5,seminggu lalu,N/A,N/A,Tidak
309,N/A,Cherry pretty,5,seminggu lalu,N/A,N/A,Tidak
310,N/A,Kedai Kopi Santai Sejenak,5,seminggu lalu,Suka pelayanan nya,N/A,Tidak
311,N/A,Sara Patricia,5,seminggu lalu,N/A,N/A,Tidak
312,N/A,Kinara Agustina mahestri,5,seminggu lalu,N/A,N/A,Tidak
313,N/A,Angga Andrianto,5,seminggu lalu,N/A,N/A,Tidak
314,N/A,Bima Ghira,5,seminggu lalu,N/A,N/A,Tidak
315,N/A,Muhammad khairul hafidz,5,seminggu lalu,N/A,N/A,Tidak
316,N/A,Rado Heraya,5,seminggu lalu,N/A,N/A,Tidak
317,N/A,11 Handi Saputra,5,seminggu lalu,N/A,N/A,Tidak
318,N/A,Dwi Agung Bowo Laksono,5,seminggu lalu,N/A,N/A,Tidak
319,N/A,ADINDA SYAHADAT,5,seminggu lalu,kerennnn🙂‍↕️💓,N/A,Tidak
320,N/A,Miftakhul Fauziah,5,seminggu lalu,N/A,N/A,Tidak
321,N/A,Muhammad Ramadhan Putra Haryanto,5,seminggu lalu,N/A,N/A,Tidak
322,N/A,Estadila Tiariza Widi,5,seminggu lalu,"TEMPATNYA BAGUS BANGETT, AESTHETIC, SUPER RAMAHHHH",N/A,Tidak
323,N/A,Alfian Gustawan,5,seminggu lalu,N/A,N/A,Tidak
324,N/A,Yudha Prastyo,5,seminggu lalu,"pelayanannya ramah bgt. bagus buat nongkrong ngopi, favorit❤️",N/A,Tidak
325,N/A,Vega Aura,5,seminggu lalu,N/A,N/A,Tidak
326,N/A,Anjar Fitri,5,seminggu lalu,N/A,N/A,Tidak
327,N/A,Cahyo Agus Wibowo,5,seminggu lalu,N/A,N/A,Tidak
328,N/A,Yuli bimantoro 02,5,seminggu lalu,N/A,N/A,Tidak
329,N/A,Joshua Lee,5,seminggu lalu,N/A,N/A,Tidak
330,N/A,Varo varo,5,seminggu lalu,enak,N/A,Tidak
331,N/A,Krisna Mbul,5,seminggu lalu,N/A,N/A,Tidak
332,N/A,OMAH KOTES,5,seminggu lalu,N/A,N/A,Tidak
333,N/A,syifa fitria13,5,seminggu lalu,N/A,N/A,Tidak
334,N/A,Cory S,5,seminggu lalu,N/A,N/A,Tidak
335,N/A,Nabila Nisrina,5,seminggu lalu,BERLIN NYA CINTAAA BGTTTTT😍🤍🤏🏻❣️ …,N/A,Tidak
336,N/A,Su Jongkok,5,seminggu lalu,N/A,N/A,Tidak
337,N/A,Ikhsan Sit,5,seminggu lalu,"Sangat bagus untuk, di jadikan tempat bersantaii",N/A,Tidak
338,N/A,IBNU,5,seminggu lalu,N/A,N/A,Tidak
339,N/A,Zicofathan Assidqi,5,seminggu lalu,N/A,N/A,Tidak
340,N/A,jaki aufa,5,seminggu lalu,N/A,N/A,Tidak
341,N/A,Wahyu Diu,5,seminggu lalu,N/A,N/A,Tidak
342,N/A,Chandeni Arifa,5,seminggu lalu,N/A,N/A,Tidak
343,N/A,Dino Mustang,5,seminggu lalu,N/A,N/A,Tidak
344,N/A,Aqilla Nufus,5,seminggu lalu,N/A,N/A,Tidak
345,N/A,Rafi Jadika,5,seminggu lalu,N/A,N/A,Tidak
346,N/A,Charen Imellia Duwi,5,seminggu lalu,N/A,N/A,Tidak
347,N/A,Amanda Renaya177,5,seminggu lalu,N/A,N/A,Tidak
348,N/A,mayaaa,5,seminggu lalu,N/A,N/A,Tidak
349,N/A,Kinayah Ashifa,5,seminggu lalu,N/A,N/A,Tidak
350,N/A,Thea Real,5,seminggu lalu,N/A,N/A,Tidak
351,N/A,Dewangga khoirunnas,5,seminggu lalu,N/A,N/A,Tidak
352,N/A,Hilal Azka,5,seminggu lalu,tempatt nyaa baguss makanan nya juga enak,N/A,Tidak
353,N/A,Gue ndan,5,seminggu lalu,N/A,N/A,Tidak
354,N/A,mals momal,5,seminggu lalu,C28 menurutku cafe yang baguss banyak foto astheticnyaa,N/A,Tidak
355,N/A,Ridwan M•R•F,5,seminggu lalu,baguss,N/A,Tidak
356,N/A,Lalu farrel,5,seminggu lalu,N/A,N/A,Tidak
357,N/A,Dede Rafif Anugrah,5,seminggu lalu,tempat cozzy bgt service pelayanan nya juga baik dan bagus,N/A,Tidak
358,N/A,M. AGIL DIRA,5,seminggu lalu,tempatnya bagus,N/A,Tidak
359,N/A,Rehan anam,5,seminggu lalu,Bagus,N/A,Tidak
360,N/A,alvn athl,5,seminggu lalu,N/A,N/A,Tidak
361,N/A,Fuad,5,seminggu lalu,"tempat nya bagus,keren",N/A,Tidak
362,N/A,Don Vito,5,seminggu lalu,N/A,N/A,Tidak
363,N/A,Joel Alexander,5,seminggu lalu,N/A,N/A,Tidak
364,N/A,Love SickGirls,5,seminggu lalu,Karyawannya ramah,N/A,Tidak
365,N/A,Samudra Attar,5,seminggu lalu,Tempatnya nyaman dan karyawan nya baik n enjoy,N/A,Tidak
366,N/A,luthfilhakim,5,seminggu lalu,N/A,N/A,Tidak
367,N/A,Rafee ahmad,5,seminggu lalu,N/A,N/A,Tidak
368,N/A,Okta Puji Rahayu,5,seminggu lalu,Mantap,N/A,Tidak
369,N/A,Muhammad Abdul Azis,5,Diedit seminggu lalu,"cozzy bgt tempatnya, makanan sm minumannya enak",N/A,Tidak
370,N/A,MITHA HALIZA -,5,seminggu lalu,N/A,N/A,Tidak
371,N/A,Andhika H H,5,seminggu lalu,N/A,N/A,Tidak
372,N/A,Faizul Falach,5,seminggu lalu,N/A,N/A,Tidak
373,N/A,Mutmainaaah,5,seminggu lalu,N/A,N/A,Tidak
374,N/A,Nrlf Wijaya,5,seminggu lalu,N/A,N/A,Tidak
375,N/A,Malik_ as,5,seminggu lalu,Terbaik,N/A,Tidak
376,N/A,khasanah nur h,5,seminggu lalu,kafe terbaik 24 jam di kota ini,N/A,Tidak
377,N/A,Meivanny Amalia Suci,5,seminggu lalu,N/A,N/A,Tidak
378,N/A,641 Arun Baskara,5,seminggu lalu,N/A,N/A,Tidak
379,N/A,Hasna Nadhilah,5,seminggu lalu,N/A,N/A,Tidak
380,N/A,nadia noviana indra purnomo [FISIP 2025],5,seminggu lalu,N/A,N/A,Tidak
381,N/A,elsanti echa,5,seminggu lalu,nyaman,N/A,Tidak
382,N/A,Dhiandra Lavia,5,seminggu lalu,tempatnya nyaman dan estetik untuk kopinya enak banget,N/A,Tidak
383,N/A,D3 UPW Rahyan Zindaqi,5,seminggu lalu,N/A,N/A,Tidak
384,N/A,Anggun Aufiyah Adlah,5,seminggu lalu,N/A,N/A,Tidak
385,N/A,Devi Kusuma ayu wardani,5,seminggu lalu,Gaperna bosen si buat ke c28 tempatnya enak gak bikin bosen deh pokoknya,N/A,Tidak
386,N/A,Reni Kurnia,5,seminggu lalu,"Tempatnya nyaman ,staffnya ramah recommend dech",N/A,Tidak
387,N/A,Muhammad Daffa,5,seminggu lalu,N/A,N/A,Tidak
388,N/A,Lidia Marcel,5,seminggu lalu,N/A,N/A,Tidak
389,N/A,julia arsya,5,seminggu lalu,gacor abis,N/A,Tidak
390,N/A,Afanza Mulki,5,seminggu lalu,N/A,N/A,Tidak
391,N/A,Senia Agustin,5,seminggu lalu,N/A,N/A,Tidak
392,N/A,Meina Yulita,5,seminggu lalu,N/A,N/A,Tidak
393,N/A,Angelya Ank,5,seminggu lalu,"Nyaman banget sii aslii, kece parah aesthetic",N/A,Tidak
394,N/A,Andika Nur Fabillah,5,seminggu lalu,Tempat enak nyaman pwol,N/A,Tidak
395,N/A,mhmdd fryy,5,seminggu lalu,N/A,N/A,Tidak
396,N/A,Anastia Nurul,5,seminggu lalu,N/A,N/A,Tidak
397,N/A,laulita naf21,5,seminggu lalu,N/A,N/A,Tidak
398,N/A,nata,5,seminggu lalu,nyaman baguss yay,N/A,Tidak
399,N/A,Verena Vanessa,5,seminggu lalu,kereen bgt suka sama ambience nya dan kakaknya bener bener ramaah so helpful!,N/A,Tidak
400,N/A,Reee Hannn,5,seminggu lalu,N/A,N/A,Tidak
401,N/A,X806 Damar galih Asshiddiqie,5,seminggu lalu,N/A,N/A,Tidak
402,N/A,Muhammad Farden,5,2 minggu lalu,N/A,N/A,Tidak
403,N/A,Raditya.Damar. Dwi.Ramadhani,5,2 minggu lalu,N/A,N/A,Tidak
404,N/A,Reika Shakira Adifa,5,2 minggu lalu,N/A,N/A,Tidak
405,N/A,Erlangga Sutajaya,5,2 minggu lalu,N/A,N/A,Tidak
406,N/A,Afdan Ramadani,5,2 minggu lalu,N/A,N/A,Tidak
407,N/A,love makiee,5,2 minggu lalu,AAAA SUKA BGT MATCHANYA ENAAK!! tempatnya jugaa pw. banyak spot foto lucu-lucu dan photobooth worth it to tryy !! pelayanannya juga okee bangeet,N/A,Tidak
408,N/A,Rame Lan,5,2 minggu lalu,"pelayanan nyaman,tempat foto estetik ,minuman enakk coxok",N/A,Tidak
409,N/A,asa,5,2 minggu lalu,N/A,N/A,Tidak
410,N/A,Al Fildzah adani,5,2 minggu lalu,N/A,N/A,Tidak
411,N/A,M Fahri Haqie,5,2 minggu lalu,N/A,N/A,Tidak
412,N/A,selvia christina,5,2 minggu lalu,Oke,N/A,Tidak
413,N/A,Putik Sari,5,2 minggu lalu,N/A,N/A,Tidak
414,N/A,Fabyan wildan Asmara,5,2 minggu lalu,N/A,N/A,Tidak
415,N/A,Garuda Abimanyu,5,2 minggu lalu,mantap,N/A,Tidak
416,N/A,Latisha Mahidara,5,2 minggu lalu,N/A,N/A,Tidak
417,N/A,Fernando Alfitra,5,2 minggu lalu,N/A,N/A,Tidak
418,N/A,Almira inez fortuna,5,2 minggu lalu,N/A,N/A,Tidak
419,N/A,Vera Setyaningrum,5,2 minggu lalu,N/A,N/A,Tidak
420,N/A,Desinta Fera,5,2 minggu lalu,Kopi ter terbaik!,N/A,Tidak
421,N/A,Sabrina Trizaidah,5,2 minggu lalu,"Tempatnya asik, crew nya ramah baik, the best deh, kopinya best banget🤏🏻",N/A,Tidak
422,N/A,Bin Tang,5,2 minggu lalu,N/A,N/A,Tidak
423,N/A,Ade Gani,5,2 minggu lalu,N/A,N/A,Tidak
424,N/A,marcello richie,5,2 minggu lalu,N/A,N/A,Tidak
425,N/A,Berliananda,5,2 minggu lalu,N/A,N/A,Tidak
426,N/A,Sumantri Bambang,5,2 minggu lalu,N/A,N/A,Tidak
427,N/A,kirana putri,5,2 minggu lalu,N/A,N/A,Tidak
428,N/A,kevin adisaktya,5,2 minggu lalu,N/A,N/A,Tidak
429,N/A,khesya aprilia27,5,2 minggu lalu,N/A,N/A,Tidak
430,N/A,Rosaria Oktaviani,5,2 minggu lalu,N/A,N/A,Tidak
431,N/A,Erni Uli Sari,5,2 minggu lalu,N/A,N/A,Tidak
432,N/A,Sitha Elvia,5,2 minggu lalu,N/A,N/A,Tidak
433,N/A,molida,5,2 minggu lalu,"nyaman, betah bgt di sini!",N/A,Tidak
434,N/A,Fatikha Khoirun Nisa,5,2 minggu lalu,"tempatnya bagus, bersih, makanannya juga enak banget. rekomen buat yg mau nongkrong di jogja🙌",N/A,Tidak
435,N/A,Batari 4_Yudisthira Wisnu Wardana,5,2 minggu lalu,N/A,N/A,Tidak
436,N/A,Milzam Hakim Ayyasi,5,2 minggu lalu,N/A,N/A,Tidak
437,N/A,M. Gufri Azhari,5,2 minggu lalu,N/A,N/A,Tidak
438,N/A,Mndeks Second,5,2 minggu lalu,N/A,N/A,Tidak
439,N/A,Kevin Moscati,5,2 minggu lalu,N/A,N/A,Tidak
440,N/A,Muhammad Gunawan,5,2 minggu lalu,N/A,N/A,Tidak
441,N/A,Agatha Diannova,5,2 minggu lalu,N/A,N/A,Tidak
442,N/A,cinta larasati,5,2 minggu lalu,N/A,N/A,Tidak
443,N/A,Pinta Maharani,5,2 minggu lalu,N/A,N/A,Tidak
444,N/A,Rafly Ikhsani,5,2 minggu lalu,Kopi nya enak dan pelayanan nya juga enak banget  dan pelayan mas ahnaf juga sangat baik ke costumer,N/A,Tidak
445,N/A,Raisal Ahmad,5,2 minggu lalu,"Cafe dengan ambience yang sangat unik, sangat direkomendasikan untuk nongkrong. Dengan variasi minuman yang banyak dan premium. Menjadikan nongkrong disini sebagai pengalaman yang menarik.",N/A,Tidak
446,N/A,Mahastri Laksita,5,2 minggu lalu,"Matcha cloudy-nya enak, kopi rich28 nya kopi banget. Vibes buat nongkrong juga ok",N/A,Tidak
447,N/A,Hisyam Abi Saadan,5,2 minggu lalu,bagus untuk foto” dan matcha nya seger,N/A,Tidak
448,N/A,Fadel Wiratama9,5,2 minggu lalu,N/A,N/A,Tidak
449,N/A,zahraputry gunawan,5,2 minggu lalu,N/A,N/A,Tidak
450,N/A,Muhammad Halimi,5,2 minggu lalu,N/A,N/A,Tidak
451,N/A,Sunny Arifah,5,2 minggu lalu,"tempatnya aesthetic poll, banyak spot foto bagus, minumannya juga enak, bersih, staffnya ramah, ada photoboxnya jugaaaaak",N/A,Tidak
452,N/A,Sita Dwiyanti,5,2 minggu lalu,"Tempat nya baguss, makanan nya enak buat sabtu minggu ada roti nya enak"". Apalagi pelayanannya ramahh emm, kakaknya cantik"" swmuaa🥰🥰",N/A,Tidak
453,N/A,Muhammad Muslim,5,2 minggu lalu,Tempatnya syahdu 🥰,N/A,Tidak
454,N/A,Billian Irham,5,2 minggu lalu,N/A,N/A,Tidak
455,N/A,Bimo Octavian Firmansyah,5,2 minggu lalu,N/A,N/A,Tidak
456,N/A,Billiann Irhamm,5,2 minggu lalu,N/A,N/A,Tidak
457,N/A,Dani Maulana,5,2 minggu lalu,N/A,N/A,Tidak
458,N/A,zaskia,5,2 minggu lalu,enak sekali,N/A,Tidak
459,N/A,Rere Haryo Putri,5,2 minggu lalu,enak,N/A,Tidak
460,N/A,Rofiq bokir2009,5,2 minggu lalu,N/A,N/A,Tidak
461,N/A,ayanakkecik ayaa,5,2 minggu lalu,N/A,N/A,Tidak
462,N/A,Ello Djuka,5,2 minggu lalu,N/A,N/A,Tidak
463,N/A,Noraliza Recha6666,5,2 minggu lalu,N/A,N/A,Tidak
464,N/A,Juliandri Mikhael,5,2 minggu lalu,N/A,N/A,Tidak
465,N/A,Tiara Kusumah,5,2 minggu lalu,N/A,N/A,Tidak
466,N/A,ali arif,5,2 minggu lalu,N/A,N/A,Tidak
467,N/A,Gerhits Theodore Kaikatuy Theodore,5,2 minggu lalu,N/A,N/A,Tidak
468,N/A,Rizky Amanath,5,2 minggu lalu,N/A,N/A,Tidak
469,N/A,AZKIA SYIFA AZZAHRA -,5,2 minggu lalu,N/A,N/A,Tidak
470,N/A,Zuka Reha,5,2 minggu lalu,N/A,N/A,Tidak
471,N/A,AndraaZ 233,5,2 minggu lalu,N/A,N/A,Tidak
472,N/A,Adelia Alya,5,2 minggu lalu,"Tempat nya enak buat nongki, lucu, kakak” nya ramah” ahahaha 🖤🤎🌸 …",N/A,Tidak
473,N/A,Lia Agustin,5,2 minggu lalu,"tempatnya nyaman, enak dibuat untuk nongki, pokoknya tempatnya cocok bgt untuk para Gen Z",N/A,Tidak
474,N/A,raya ramadhani,5,2 minggu lalu,pelayanan ramah dan tempatnya nyaman,N/A,Tidak
475,N/A,Juventi Salma Devi,5,2 minggu lalu,N/A,N/A,Tidak
476,N/A,Adryan Ardiansyah,5,2 minggu lalu,N/A,N/A,Tidak
477,N/A,kartika mima,5,2 minggu lalu,N/A,N/A,Tidak
478,N/A,Agung Farrell,5,2 minggu lalu,N/A,N/A,Tidak
479,N/A,Vira Jogja,5,2 minggu lalu,N/A,N/A,Tidak
480,N/A,ellen aurelia,5,2 minggu lalu,N/A,N/A,Tidak
481,N/A,dwi nur Wulandari,5,2 minggu lalu,mantapppp,N/A,Tidak
482,N/A,D Berlian Ganung Amarta,5,2 minggu lalu,N/A,N/A,Tidak
483,N/A,Widi Aulianisa Agustin,5,2 minggu lalu,N/A,N/A,Tidak
484,N/A,Mada Rahmania,5,2 minggu lalu,"nyaman, ramahh, spotnya instagramable",N/A,Tidak
485,N/A,syfr putrii,5,2 minggu lalu,N/A,N/A,Tidak
486,N/A,willberichasap,5,2 minggu lalu,N/A,N/A,Tidak
487,N/A,Farrell Nugroho,5,2 minggu lalu,N/A,N/A,Tidak
488,N/A,Charina,5,2 minggu lalu,pelayanannya baik sekaliii,N/A,Tidak
489,N/A,Hani A Maria,5,2 minggu lalu,N/A,N/A,Tidak
490,N/A,Latifah Firdhaus 'Aini,5,2 minggu lalu,N/A,N/A,Tidak
491,N/A,Olaasmnj96,5,2 minggu lalu,N/A,N/A,Tidak
492,N/A,Airish Rahadhyan,5,2 minggu lalu,N/A,N/A,Tidak
493,N/A,Widya Apriliyanti,5,2 minggu lalu,N/A,N/A,Tidak
494,N/A,Bisma Rasyad Shafy,5,2 minggu lalu,N/A,N/A,Tidak
495,N/A,Yunita Alvini,5,2 minggu lalu,N/A,N/A,Tidak
496,N/A,Sherly Kharismad,5,2 minggu lalu,N/A,N/A,Tidak
497,N/A,Imandha Zenki,5,2 minggu lalu,N/A,N/A,Tidak
498,N/A,Dimas Agus,5,2 minggu lalu,N/A,N/A,Tidak
499,N/A,Travelling Happy,5,2 minggu lalu,N/A,N/A,Tidak
500,N/A,Majid Apry Rahadian,5,2 minggu lalu,N/A,N/A,Tidak
501,N/A,Zahra Arifa,5,2 minggu lalu,N/A,N/A,Tidak
502,N/A,Titahgusti Miladarma,5,2 minggu lalu,N/A,N/A,Tidak
503,N/A,Irwan Purnasidi24,5,2 minggu lalu,N/A,N/A,Tidak
504,N/A,Icha A. Hafiiza Sunu,5,2 minggu lalu,N/A,N/A,Tidak
505,N/A,Anis Purnasari,5,2 minggu lalu,Tempatnya seru buat nongkrong makananya enak,N/A,Tidak
506,N/A,Salsabila Alfina Rahmawati,5,2 minggu lalu,N/A,N/A,Tidak
507,N/A,Andre Ian,5,2 minggu lalu,N/A,N/A,Tidak
508,N/A,Maya Riskiyani,5,2 minggu lalu,N/A,N/A,Tidak
509,N/A,Rizal Di,5,2 minggu lalu,"Ramah pelayanannya,enak makanannya",N/A,Tidak
510,N/A,Aleysia,5,2 minggu lalu,"Tempatnya asik, Pelayanannya bagus",N/A,Tidak
511,N/A,Monica Syahnalla,4,2 minggu lalu,N/A,N/A,Tidak
512,N/A,Mr Beng beng96,5,2 minggu lalu,N/A,N/A,Tidak
513,N/A,Salsa Rozalina,5,2 minggu lalu,"kopinya enakk!! pelayanannya juga bagus, tempatnya nyaman banget buat nongkrong!",N/A,Tidak
514,N/A,my hwangs,5,2 minggu lalu,"Stafnya ramah banget, makanan dan kopinya enak! Suasananya juga top banget! Pasti bakal balik lagi :) !",N/A,Tidak
515,N/A,Tri Haryanto,5,2 minggu lalu,kopinya enak,N/A,Tidak
516,N/A,Indah Sp,5,2 minggu lalu,"keren bgt konsep cafenya, pelayanannya ramah samaa photoboxnya lucuu abis. rekomen banget sih buat nongkrong",N/A,Tidak
517,N/A,hanif kartika,5,2 minggu lalu,"Tempatnya nyaman, bersih, kopinya enak, aervicenya juga ramah",N/A,Tidak
518,N/A,Rifqi Wichaksono,5,2 minggu lalu,wfc direkomendasikan,N/A,Tidak
519,N/A,Bonifasia Kusytania,5,2 minggu lalu,N/A,N/A,Tidak
520,N/A,Aisyah Putri Ratasya,5,2 minggu lalu,nyaman bangetttt,N/A,Tidak
521,N/A,Ferly Putra,5,2 minggu lalu,N/A,N/A,Tidak
522,N/A,harun alrasyid,5,2 minggu lalu,"Tempatnya bagus nyaman cozy,
Especially staff2 nya ramah2 👍🏽",N/A,Tidak
523,N/A,Miuthiya Putri Azzahra,5,2 minggu lalu,N/A,N/A,Tidak
524,N/A,dea alfitaa,5,2 minggu lalu,N/A,N/A,Tidak
525,N/A,Isna Rahmawati,5,2 minggu lalu,N/A,N/A,Tidak
526,N/A,Andika Pratama,5,2 minggu lalu,N/A,N/A,Tidak
527,N/A,Adepriyani Rahma Putri,5,2 minggu lalu,"tempatnya enak bgt, apalagi klo malem. enak buat nugas, nongki, dll. minuman makanan juga enak, pelayanannya oke, bersih juga tempatnya. mantaplah wkwk, kesinii rekomenn",N/A,Tidak
528,N/A,amry rya,5,2 minggu lalu,N/A,N/A,Tidak
529,N/A,Sugiyanti 10,5,2 minggu lalu,N/A,N/A,Tidak
530,N/A,18_ MUHAMAD HADIQ_XI DPIB 1,5,2 minggu lalu,N/A,N/A,Tidak
531,N/A,fara,5,2 minggu lalu,N/A,N/A,Tidak
532,N/A,Nanda onLY,5,2 minggu lalu,N/A,N/A,Tidak
533,N/A,Rizki Aditya Pratama,5,2 minggu lalu,N/A,N/A,Tidak
534,N/A,Igkelas TeksipA,5,2 minggu lalu,N/A,N/A,Tidak
535,N/A,Septi Sulistya Galih,5,2 minggu lalu,N/A,N/A,Tidak
536,N/A,Diah Nur Syafitri,5,2 minggu lalu,N/A,N/A,Tidak
537,N/A,Risma Alfi,5,2 minggu lalu,N/A,N/A,Tidak
538,N/A,Nadya Annisa,5,2 minggu lalu,N/A,N/A,Tidak
539,N/A,andito,5,Diedit 2 minggu lalu,N/A,N/A,Tidak
540,N/A,Michael Dennef,5,2 minggu lalu,N/A,N/A,Tidak
541,N/A,Albert Agung,5,Diedit 2 minggu lalu,sangat menarik dan suasana menyenangkan,N/A,Tidak
542,N/A,Cici,5,2 minggu lalu,N/A,N/A,Tidak
543,N/A,Nia Ramadhan,5,2 minggu lalu,N/A,N/A,Tidak
544,N/A,Vemas Adhie Wicaksono,5,2 minggu lalu,N/A,N/A,Tidak
545,N/A,Hamira Azkiani,5,2 minggu lalu,N/A,N/A,Tidak
546,N/A,shofi zulfa,5,2 minggu lalu,N/A,N/A,Tidak
547,N/A,Azzira airin,5,2 minggu lalu,N/A,N/A,Tidak
548,N/A,Caramel Latte,5,2 minggu lalu,tempat yang nyaman dan suasana yang baik,N/A,Tidak
549,N/A,10. Deva Aulia Damayanti,5,2 minggu lalu,"tempat nya instagramable bangett😍😍 mba dan maa nya ramah"" juga😍",N/A,Tidak
550,N/A,daffa bryn,5,2 minggu lalu,"Tempat nya bagus,rekomen deh",N/A,Tidak
551,N/A,Shaskia Maulidina,5,2 minggu lalu,Tempatnya adem dan super asthetic!,N/A,Tidak
552,N/A,wafiq anggara,5,2 minggu lalu,N/A,N/A,Tidak
553,N/A,AFRIZAL RAIHAN,1,3 minggu lalu,N/A,N/A,Tidak
554,N/A,Ardo Yudha,5,3 minggu lalu,N/A,N/A,Tidak
555,N/A,Daren Refan,5,3 minggu lalu,"tempatnya cakep banyak spot foto, matcha mya enak💋💋",N/A,Tidak
556,N/A,Vicky Raztya,5,3 minggu lalu,"bagus tempat nya pelayanan nya ramah minuman nya juga enak""",N/A,Tidak
557,N/A,Riska Arviani,5,3 minggu lalu,tempatnya kece minuman nya juga murce muce pokoknya rekomen banget tempat nyaaa,N/A,Tidak
558,N/A,Agus Rahmanto,5,3 minggu lalu,N/A,N/A,Tidak
559,N/A,konvlk bedo,5,3 minggu lalu,N/A,N/A,Tidak
560,N/A,Cindy Amelia Agustin,5,3 minggu lalu,"cloud matcha nya enak bgtt, brownies nya lembut parahh, tempatnya estetik pollll nice nice👍🏻👍🏻👍🏻👍🏻 …",N/A,Tidak
561,N/A,Anggita RDC,5,3 minggu lalu,keren sih buat foto foto,N/A,Tidak
562,N/A,Rehan yoga pratama,5,3 minggu lalu,N/A,N/A,Tidak
563,N/A,Mutia P,5,3 minggu lalu,Enak cheese cakenya !!!,N/A,Tidak
564,N/A,Maulida R,5,3 minggu lalu,N/A,N/A,Tidak
565,N/A,VEISA ALIF,5,3 minggu lalu,N/A,N/A,Tidak
566,N/A,Ghesa Lutfhi,5,3 minggu lalu,N/A,N/A,Tidak
567,N/A,arda asfandiyar,5,3 minggu lalu,N/A,N/A,Tidak
568,N/A,Idris Putra,5,3 minggu lalu,N/A,N/A,Tidak
569,N/A,raru,5,3 minggu lalu,N/A,N/A,Tidak
570,N/A,herdias,5,3 minggu lalu,N/A,N/A,Tidak
571,N/A,Kartika dewi syabanirani,5,3 minggu lalu,N/A,N/A,Tidak
572,N/A,Kania Capirosi,5,3 minggu lalu,N/A,N/A,Tidak
573,N/A,ninalorena Banari25,5,3 minggu lalu,N/A,N/A,Tidak
574,N/A,syifa tasya,5,3 minggu lalu,N/A,N/A,Tidak
575,N/A,Pavita Salma,5,3 minggu lalu,N/A,N/A,Tidak
576,N/A,Aprilian Firdaus,5,3 minggu lalu,N/A,N/A,Tidak
577,N/A,Yulia Alif Pramuaji,5,3 minggu lalu,N/A,N/A,Tidak
578,N/A,Agung Rachmadi,5,3 minggu lalu,N/A,N/A,Tidak
579,N/A,Muhammad Kemal,5,3 minggu lalu,N/A,N/A,Tidak
580,N/A,Adhip 05,5,3 minggu lalu,N/A,N/A,Tidak
581,N/A,28_resty dwi,5,3 minggu lalu,N/A,N/A,Tidak
582,N/A,Yezharivina Nur anisa,5,3 minggu lalu,N/A,N/A,Tidak
583,N/A,Aldo Sanjaya,5,3 minggu lalu,tempat nongkrong yg asik,N/A,Tidak
584,N/A,Cyrillus jonathan,5,3 minggu lalu,tempat nongkrong asikk,N/A,Tidak
585,N/A,Agatha restuning Kidung ratri,5,3 minggu lalu,N/A,N/A,Tidak
586,N/A,Evita Nur,5,3 minggu lalu,N/A,N/A,Tidak
587,N/A,indah. rahma123,5,3 minggu lalu,N/A,N/A,Tidak
588,N/A,Eka Susmita,5,3 minggu lalu,N/A,N/A,Tidak
589,N/A,Febi Delia Putri,5,3 minggu lalu,N/A,N/A,Tidak
590,N/A,Felicia Febriantika,5,3 minggu lalu,"tempatnya bersih, baristanya ramah👍🏻👍🏻",N/A,Tidak
591,N/A,Septiana Safitri,5,3 minggu lalu,N/A,N/A,Tidak
592,N/A,Stoklipz,5,3 minggu lalu,N/A,N/A,Tidak
593,N/A,Rafka Zid,4,3 minggu lalu,N/A,N/A,Tidak
594,N/A,Stok124,5,3 minggu lalu,N/A,N/A,Tidak
595,N/A,zahra risdianti,5,3 minggu lalu,N/A,N/A,Tidak
596,N/A,rosdiana sm,5,3 minggu lalu,N/A,N/A,Tidak
597,N/A,Diah Ayu Anggraeni,5,3 minggu lalu,N/A,N/A,Tidak
598,N/A,sv mrs,5,3 minggu lalu,N/A,N/A,Tidak
599,N/A,Dhea Maya Ferisha,5,3 minggu lalu,N/A,N/A,Tidak
600,N/A,sasaa,5,3 minggu lalu,N/A,N/A,Tidak
601,N/A,Repan Arpiansyah,5,3 minggu lalu,N/A,N/A,Tidak
602,N/A,piong zauhar,5,3 minggu lalu,N/A,N/A,Tidak
603,N/A,Anita Ramadhani,5,3 minggu lalu,N/A,N/A,Tidak
604,N/A,chandra senja,5,3 minggu lalu,N/A,N/A,Tidak
605,N/A,Shalom Pakke,5,3 minggu lalu,N/A,N/A,Tidak
606,N/A,IneZ,5,3 minggu lalu,N/A,N/A,Tidak
607,N/A,evnr dd,5,3 minggu lalu,N/A,N/A,Tidak
608,N/A,anna mariaa,5,3 minggu lalu,"tempatnya lucu, makanan dan minumannya enakk😍",N/A,Tidak
609,N/A,melanie cindy,5,3 minggu lalu,N/A,N/A,Tidak
610,N/A,Ancella Purba,5,3 minggu lalu,N/A,N/A,Tidak
611,N/A,Kazhimah Kazhimah,5,3 minggu lalu,N/A,N/A,Tidak
612,N/A,Qinthara Attar,5,3 minggu lalu,N/A,N/A,Tidak
613,N/A,Agil Firman,5,3 minggu lalu,N/A,N/A,Tidak
614,N/A,15. Fitria Indriyani,5,3 minggu lalu,N/A,N/A,Tidak
615,N/A,Su Pardi,5,3 minggu lalu,N/A,N/A,Tidak
616,N/A,12. Echa Marsya Aulia,5,3 minggu lalu,N/A,N/A,Tidak
617,N/A,Phoebe_Muhammad Abid Hakim,5,3 minggu lalu,N/A,N/A,Tidak
618,N/A,Jhazdi -jei,5,3 minggu lalu,N/A,N/A,Tidak
619,N/A,Ardanta Novqi,5,3 minggu lalu,N/A,N/A,Tidak
620,N/A,marchela farach,5,3 minggu lalu,N/A,N/A,Tidak
621,N/A,ann,5,3 minggu lalu,"service nya okey banget, minumannya gada yang gagal",N/A,Tidak
622,N/A,Snow Beruang,5,3 minggu lalu,N/A,N/A,Tidak
623,N/A,cintian zalukhu,5,3 minggu lalu,N/A,N/A,Tidak
624,N/A,Kresnawat Zalukhu,5,3 minggu lalu,N/A,N/A,Tidak
625,N/A,Deadi Prana,5,3 minggu lalu,N/A,N/A,Tidak
626,N/A,Dhana Pradhita,5,3 minggu lalu,N/A,N/A,Tidak
627,N/A,Destiya Safitri,5,3 minggu lalu,N/A,N/A,Tidak
628,N/A,Margaretta Esa,5,3 minggu lalu,N/A,N/A,Tidak
629,N/A,Azka Daffa,5,3 minggu lalu,N/A,N/A,Tidak
630,N/A,jveyy,5,3 minggu lalu,N/A,N/A,Tidak
631,N/A,Raka Aldeanava,5,3 minggu lalu,N/A,N/A,Tidak
632,N/A,Fathul Ihsan,5,3 minggu lalu,enjoy sekali,N/A,Tidak
633,N/A,Fauzan Wida,5,3 minggu lalu,N/A,N/A,Tidak
634,N/A,Bintang Muhammad Madani,5,3 minggu lalu,N/A,N/A,Tidak
635,N/A,Nanda Sabilla,5,3 minggu lalu,"Firstrime kesini ternyata vibenya seru bgtt, wajib cobain coffenya enak bgtt recommend!!!!",N/A,Tidak
636,N/A,Indahn Shinta,5,3 minggu lalu,"tempatnya ok banget, harus kesini kalo lagi di jogja, minuman enak pelayanan ramah, toppp!! banyak spot foto juga",N/A,Tidak
637,N/A,esterina daisantina,5,3 minggu lalu,"Suka banget sama coffee lemonnya balance dan fav banget sama crosancheeseee 🌷🌷
Suka suasananya",N/A,Tidak
638,N/A,Sarwahita Gian Saraswati,5,3 minggu lalu,N/A,N/A,Tidak
639,N/A,zulfikar muhammad azzhafran,5,3 minggu lalu,enak,N/A,Tidak
640,N/A,Oktavia Laela,5,3 minggu lalu,"brownie kejunya enak bgd, coklatnya full lembut dan lebih dominan coklatnya sihh.",N/A,Tidak
641,N/A,Aini Nur Hidayah,5,3 minggu lalu,"tempatnya cozy banget, dirty matcha nya 10/10 🤩",N/A,Tidak
642,N/A,Jironah Lisadiyah Ardan,5,3 minggu lalu,N/A,N/A,Tidak
643,N/A,Caca Petrick,5,3 minggu lalu,"tempatnya bagus dan nyaman, banyak spot foto, pelayanannya juga ramah",N/A,Tidak
644,N/A,Muhammad Abid,5,3 minggu lalu,Gacor,N/A,Tidak
645,N/A,Ayam Goyeng,5,3 minggu lalu,N/A,N/A,Tidak
646,N/A,Iqbal Hasto,5,3 minggu lalu,N/A,N/A,Tidak
647,N/A,muhammad satria gilang pradana,5,3 minggu lalu,N/A,N/A,Tidak
648,N/A,Artika Dewi I K,5,3 minggu lalu,N/A,N/A,Tidak
649,N/A,Musdzalifa Nurul,5,3 minggu lalu,"makanannnya enak, suasananya jg nyaman, pelayananannya ramahh, sangat rekomended",N/A,Tidak
650,N/A,debi lusyana,5,3 minggu lalu,"tempat bagussss,pelayanan nya ramah bgt😍 …",N/A,Tidak
651,N/A,Berliana Fatmawati,5,3 minggu lalu,"pelayanan ramahh sangat baikk, recomend",N/A,Tidak
652,N/A,Widi Astuti,5,3 minggu lalu,Menyenangkan,N/A,Tidak
653,N/A,Caecilia Tari,5,3 minggu lalu,"pelayanan nya sangat ramah , dilayani oleh kak aras , minumannya enak dan suasananya nyaman , buat foto sangat bagus dan estetik kuyyyy gassss",N/A,Tidak
654,N/A,Farrel Putra abdilah,5,3 minggu lalu,N/A,N/A,Tidak
655,N/A,sambel pecel,5,3 minggu lalu,N/A,N/A,Tidak
656,N/A,Faldy Rasya,5,3 minggu lalu,N/A,N/A,Tidak
657,N/A,Novan Andhika,5,3 minggu lalu,N/A,N/A,Tidak
658,N/A,Ahmad Syaidhani,5,3 minggu lalu,N/A,N/A,Tidak
659,N/A,Abdi Lutfiana,5,3 minggu lalu,N/A,N/A,Tidak
660,N/A,sheza fernanda,5,3 minggu lalu,N/A,N/A,Tidak
661,N/A,Calisha Charida Putri,5,3 minggu lalu,N/A,N/A,Tidak
662,N/A,Vivo Paten,5,3 minggu lalu,N/A,N/A,Tidak
663,N/A,Bechana Bookstore,5,3 minggu lalu,N/A,N/A,Tidak
664,N/A,Sayana Rusyda,5,3 minggu lalu,N/A,N/A,Tidak
665,N/A,Dafa Putra,5,3 minggu lalu,N/A,N/A,Tidak
666,N/A,NABILA AULIA ARDIAN PRATAMA,5,3 minggu lalu,N/A,N/A,Tidak
667,N/A,Wardah Khairani,5,3 minggu lalu,N/A,N/A,Tidak
668,N/A,Galang Palasa,5,3 minggu lalu,N/A,N/A,Tidak
669,N/A,pwinpi ww,5,3 minggu lalu,N/A,N/A,Tidak
670,N/A,Anugrah Buyung,5,3 minggu lalu,N/A,N/A,Tidak
671,N/A,Amanda Tiya yunita,5,3 minggu lalu,Pelayanannya cukup cepat,N/A,Tidak
672,N/A,Giovanni Baptista Arsweed Atmaja,5,3 minggu lalu,N/A,N/A,Tidak
673,N/A,Herna Dhani,5,3 minggu lalu,N/A,N/A,Tidak
674,N/A,Hari Nugroho,5,3 minggu lalu,N/A,N/A,Tidak
675,N/A,Haikal Dhava putra,5,3 minggu lalu,"Tempatnya aesthetic cocok untuk anaks"" kalcersssss, barista cewenya aduhay semua 😜",N/A,Tidak
676,N/A,Muhammad Satrio Wibowo,5,3 minggu lalu,Untuk pelayanan sangan bagus,N/A,Tidak
677,N/A,Akbar Majid,5,3 minggu lalu,"tempat oke
kak arassnya ramah dan oke",N/A,Tidak
678,N/A,Raka Ananda,5,3 minggu lalu,kak Aras humble bingits,N/A,Tidak
679,N/A,Naufal Sulthon,5,3 minggu lalu,Tempat nya nyaman,N/A,Tidak
680,N/A,MnkyD kimil,5,3 minggu lalu,kaka aras kacaww,N/A,Tidak
681,N/A,Farros,5,3 minggu lalu,gatau,N/A,Tidak
682,N/A,Naswa Nisa,5,3 minggu lalu,N/A,N/A,Tidak
683,N/A,Nndya Zhra,5,3 minggu lalu,N/A,N/A,Tidak
684,N/A,Tesa Ameluna,5,3 minggu lalu,N/A,N/A,Tidak
685,N/A,Melinda Belicia,5,3 minggu lalu,N/A,N/A,Tidak
686,N/A,Aziz Nanda,5,3 minggu lalu,"kopi nyaa enakk, vibes nya mantapp",N/A,Tidak
687,N/A,raifan raihani,5,3 minggu lalu,N/A,N/A,Tidak
688,N/A,Muhammad Raditya,5,3 minggu lalu,N/A,N/A,Tidak
689,N/A,Dina ramadhan Az zhara riyanti,5,3 minggu lalu,N/A,N/A,Tidak
690,N/A,Thinezea Sinaga,5,3 minggu lalu,N/A,N/A,Tidak
691,N/A,Raihana ArdianaSari,5,3 minggu lalu,N/A,N/A,Tidak
692,N/A,Muhammad Iqbal Ramadhan,5,3 minggu lalu,tempatnya bagus dan nyaman,N/A,Tidak
693,N/A,Gilang Al Rahman,5,3 minggu lalu,MINUMAN NYA ENAK MAKANANNYA ENAK GAK DI KALIMANTAN,N/A,Tidak
694,N/A,Melin Amelia,5,3 minggu lalu,"Pelayan bagus, kopi enak dan tempat estetik",N/A,Tidak
695,N/A,Hangga riya Pratama,5,3 minggu lalu,N/A,N/A,Tidak
696,N/A,Naufal Mraw,5,3 minggu lalu,N/A,N/A,Tidak
697,N/A,Olla Ahmad,5,3 minggu lalu,N/A,N/A,Tidak
698,N/A,M Adit,5,3 minggu lalu,"Cocok buat WFC, ada smoking AC, ac nya dingin, mba kasirnya ramah senyum, betah pokoknya🔥",N/A,Tidak
699,N/A,nggajol crew,5,3 minggu lalu,N/A,N/A,Tidak
700,N/A,Mariska Widyastuti,5,3 minggu lalu,N/A,N/A,Tidak
701,N/A,Alvina Nmh,5,3 minggu lalu,N/A,N/A,Tidak
702,N/A,yln vdla,5,3 minggu lalu,"enakkk dan bgusss, tp syg varian maknan nya ga sebanyak dulu skrng cmn ada cake dan croisang tp untuk smua y masih enakk jad joss🤟🏻🤟🏻",N/A,Tidak
703,N/A,Fina Anggraini,5,3 minggu lalu,Tempat yang bagus,N/A,Tidak
704,N/A,Ade nur fauzi,5,3 minggu lalu,N/A,N/A,Tidak
705,N/A,Delvy Patricia,5,3 minggu lalu,N/A,N/A,Tidak
706,N/A,Arsita Azura Khouw,5,3 minggu lalu,N/A,N/A,Tidak
707,N/A,romlah chahume,5,3 minggu lalu,N/A,N/A,Tidak
708,N/A,Irda Febriyanti ilmu komunikasi,5,3 minggu lalu,N/A,N/A,Tidak
709,N/A,Padu Setiawan,5,4 minggu lalu,"Tempat nya keren cozy, luas bersih, pelayanan nya mantap. Rekomended The Best 👍👍👍",N/A,Tidak
710,N/A,Novenly auliaa,5,4 minggu lalu,N/A,N/A,Tidak
711,N/A,Aliffa New,5,4 minggu lalu,N/A,N/A,Tidak
712,N/A,dea zalwa,5,4 minggu lalu,N/A,N/A,Tidak
713,N/A,Arwinda,5,4 minggu lalu,N/A,N/A,Tidak
714,N/A,Rahmalia Putri,5,4 minggu lalu,N/A,N/A,Tidak
715,N/A,puput ppt,5,4 minggu lalu,N/A,N/A,Tidak
716,N/A,Rindi Arista,5,4 minggu lalu,N/A,N/A,Tidak
717,N/A,Yandigsa,5,4 minggu lalu,Konsep c28 social space di urip sumoharjo ini kekinian dan cozy banget buat nongki baik sendiri maupun ramean.,N/A,Tidak
718,N/A,Indira Gendhut,5,4 minggu lalu,N/A,N/A,Tidak
719,N/A,nina yusvita,5,4 minggu lalu,N/A,N/A,Tidak
720,N/A,Aldo Bareto,5,4 minggu lalu,N/A,N/A,Tidak
721,N/A,Abian Farih Al Murtadha,5,4 minggu lalu,N/A,N/A,Tidak
722,N/A,Almer,5,4 minggu lalu,N/A,N/A,Tidak
723,N/A,Mahendra Setya wiatmaja,5,4 minggu lalu,N/A,N/A,Tidak
724,N/A,Cindy Perwitasari,5,4 minggu lalu,Tempatnya keren👍🏻,N/A,Tidak
725,N/A,Amarila Artikasari,5,4 minggu lalu,N/A,N/A,Tidak
726,N/A,Arga Maulana,5,4 minggu lalu,"cloud choconya enak,tempatnya bagus,kak enggar ramah dan service nya bagus",N/A,Tidak
727,N/A,Gilang,5,4 minggu lalu,suasana bagus dan nyaman buat foto foto,N/A,Tidak
728,N/A,Nina Graziena,5,4 minggu lalu,N/A,N/A,Tidak
729,N/A,Dewi Ks,5,sebulan lalu,N/A,N/A,Tidak
730,N/A,intan fitri,5,sebulan lalu,N/A,N/A,Tidak
731,N/A,Olivia Caca,5,sebulan lalu,N/A,N/A,Tidak
732,N/A,Wening Tyas,5,sebulan lalu,N/A,N/A,Tidak
733,N/A,Aufa Atha Hulul Khalida,5,sebulan lalu,N/A,N/A,Tidak
734,N/A,Akbar Maulana,5,sebulan lalu,estetik banget tempatnya kopi nya juga enak staf nya ramah kak enggar juga baik banget juara deh pelayanan sama kopinya,N/A,Tidak
735,N/A,Inana Adha Charlote,5,sebulan lalu,N/A,N/A,Tidak
736,N/A,natalia davina,5,sebulan lalu,minumannya enak dan harga menunya worth it,N/A,Tidak
737,N/A,nurul rizki,5,sebulan lalu,N/A,N/A,Tidak
738,N/A,Zulaika Mahmudah,5,sebulan lalu,N/A,N/A,Tidak
739,N/A,zidane riyadi,5,sebulan lalu,bagus,N/A,Tidak
740,N/A,Muhammad diego,5,sebulan lalu,N/A,N/A,Tidak
741,N/A,Muhammad Widhi Aria Putra,5,sebulan lalu,N/A,N/A,Tidak
742,N/A,Yollanda Ramadhani,5,sebulan lalu,"tempat nya estetik redvelvetnya juara,kak enggak juga baik",N/A,Tidak
743,N/A,Jordan New,5,sebulan lalu,N/A,N/A,Tidak
744,N/A,Yahya Oswasa Putra,5,sebulan lalu,mba kasir cantik cantik sama mas mas nya ganteng semua pelayanan nya ramah,N/A,Tidak
745,N/A,Sodronn Cees,5,sebulan lalu,pelayananya ramah mas mas nya ganteng semua,N/A,Tidak
746,N/A,reckto vino,5,sebulan lalu,nyeni mase,N/A,Tidak
747,N/A,Erna Klaten,5,sebulan lalu,N/A,N/A,Tidak
748,N/A,Nabila Hanum,5,sebulan lalu,N/A,N/A,Tidak
749,N/A,Raffa Fauzan,5,sebulan lalu,N/A,N/A,Tidak
750,N/A,Thariq hamzah,5,sebulan lalu,N/A,N/A,Tidak
751,N/A,Hadisatrio Satrio,5,sebulan lalu,N/A,N/A,Tidak
752,N/A,Flariska Anggriana N.M,5,sebulan lalu,N/A,N/A,Tidak
753,N/A,Shely Anindya,5,sebulan lalu,N/A,N/A,Tidak
754,N/A,Enji,5,sebulan lalu,N/A,N/A,Tidak
755,N/A,Qinthara Sinatria Alhalim,5,sebulan lalu,N/A,N/A,Tidak
756,N/A,Khalif fathin al-kautsar,5,sebulan lalu,N/A,N/A,Tidak
757,N/A,F4taLs CSGO,5,sebulan lalu,N/A,N/A,Tidak
758,N/A,Vero Nica,5,sebulan lalu,suasana dan instalasi seni yang bagus!,N/A,Tidak
759,N/A,Mel Kior,5,sebulan lalu,enakk pelayananya ramah hehehe 2YK,N/A,Tidak
760,N/A,Albion Davin keandra,5,sebulan lalu,tempatnya baguss minumnya rasanya pas makanannya juga pas,N/A,Tidak
761,N/A,Faiz Mici,5,sebulan lalu,"baguussss, pelayanan nya baik",N/A,Tidak
762,N/A,ABRAM GG,5,sebulan lalu,Kerenn,N/A,Tidak
763,N/A,Rafha Riyanto,5,sebulan lalu,"matchanya enak, ga terlalu manis",N/A,Tidak
764,N/A,stok Nizar,5,sebulan lalu,N/A,N/A,Tidak
765,N/A,elen dara,5,sebulan lalu,N/A,N/A,Tidak
766,N/A,Latif fauzi,5,sebulan lalu,N/A,N/A,Tidak
767,N/A,Dimas HArliansyah,5,sebulan lalu,N/A,N/A,Tidak
768,N/A,TaufikOntoseno Sriandano,5,sebulan lalu,N/A,N/A,Tidak
769,N/A,Qiranii Aulia,5,sebulan lalu,N/A,N/A,Tidak
770,N/A,Linda Putri,5,sebulan lalu,N/A,N/A,Tidak
771,N/A,Crispy Paper,5,sebulan lalu,Pekerjaan kami terpisah,N/A,Tidak
772,N/A,Renzzz pradito,5,sebulan lalu,N/A,N/A,Tidak
773,N/A,Ali akbar okky ramadhani Mm1,5,sebulan lalu,N/A,N/A,Tidak
774,N/A,bgas a,5,sebulan lalu,N/A,N/A,Tidak
775,N/A,Alfred Setiawan,5,sebulan lalu,N/A,N/A,Tidak
776,N/A,4184 James Januard,5,sebulan lalu,N/A,N/A,Tidak
777,N/A,Thalia Ricca S,5,sebulan lalu,N/A,N/A,Tidak
778,N/A,Febry Prasetyo,5,sebulan lalu,N/A,N/A,Tidak
779,N/A,Wida Kristiani,5,sebulan lalu,N/A,N/A,Tidak
780,N/A,Imam Arizky,5,sebulan lalu,N/A,N/A,Tidak
781,N/A,Ness Chan,5,sebulan lalu,N/A,N/A,Tidak
782,N/A,Vika Aulia,5,sebulan lalu,N/A,N/A,Tidak
783,N/A,Alex,5,sebulan lalu,N/A,N/A,Tidak
784,N/A,Hildha Chrisnandi,5,sebulan lalu,N/A,N/A,Tidak
785,N/A,hafshoh n,5,sebulan lalu,N/A,N/A,Tidak
786,N/A,Isnalda,5,sebulan lalu,N/A,N/A,Tidak
787,N/A,syahla azzaria,5,sebulan lalu,N/A,N/A,Tidak
788,N/A,Audrey Jasmine (142230242_Audrey),5,sebulan lalu,N/A,N/A,Tidak
789,N/A,Amelya Pramesti Prajawiningrum,5,sebulan lalu,N/A,N/A,Tidak
790,N/A,Yuli Cristina,5,sebulan lalu,N/A,N/A,Tidak
791,N/A,Kadek Evrila Putri Suryana,5,sebulan lalu,N/A,N/A,Tidak
792,N/A,MichaelDp,5,sebulan lalu,N/A,N/A,Tidak
793,N/A,Ilma Kartika,5,sebulan lalu,N/A,N/A,Tidak
794,N/A,Nosa Krisna,5,sebulan lalu,N/A,N/A,Tidak
795,N/A,Reinardus Hendra,5,sebulan lalu,N/A,N/A,Tidak
796,N/A,Naurah,5,sebulan lalu,N/A,N/A,Tidak
797,N/A,Radli Rifki raharjo,5,sebulan lalu,N/A,N/A,Tidak
798,N/A,ayu widya,5,sebulan lalu,N/A,N/A,Tidak
799,N/A,Nofi Triyana,5,sebulan lalu,N/A,N/A,Tidak
800,N/A,Hasan Arrizqi,5,sebulan lalu,N/A,N/A,Tidak
801,N/A,Ulung Putra,5,sebulan lalu,kopi nya enak ga perlu nunggu lama terus tempat nya juga oke buat foto”,N/A,Tidak
802,N/A,Devan Tolol,5,sebulan lalu,N/A,N/A,Tidak
803,N/A,DevandaNoviyanto,5,sebulan lalu,N/A,N/A,Tidak
804,N/A,Ramadhani Putri,5,sebulan lalu,N/A,N/A,Tidak
805,N/A,Triska Melani,5,sebulan lalu,N/A,N/A,Tidak
806,N/A,sleepy sheliaa,5,sebulan lalu,N/A,N/A,Tidak
807,N/A,Galang Ady,5,sebulan lalu,N/A,N/A,Tidak
808,N/A,Danies Rizqy10,5,sebulan lalu,N/A,N/A,Tidak
809,N/A,Risco Bay,5,sebulan lalu,N/A,N/A,Tidak
810,N/A,Syazwina Rahmawati,5,sebulan lalu,"tempatnya seru buat nongkrong sama temen""
minumannya juga enak",N/A,Tidak
811,N/A,Aulia Chonsatul,5,sebulan lalu,WAJIB KE SINI SIAPAPUN ITU🤩‼️,N/A,Tidak
812,N/A,pamela rbtb,5,sebulan lalu,N/A,N/A,Tidak
813,N/A,Stevyy Wirann,5,sebulan lalu,N/A,N/A,Tidak
814,N/A,Aulia Choirun Annisa,5,sebulan lalu,N/A,N/A,Tidak
815,N/A,Moriztar,5,sebulan lalu,N/A,N/A,Tidak
816,N/A,marsha sha,5,sebulan lalu,recommended bgt buat yang suka matcha,N/A,Tidak
817,N/A,Keyra Tzy,5,sebulan lalu,"Konsep baru yang unik dan eksploratif untuk suasana ruang interior-nya. Buat minuman kopi enak, wajib nyobain disini sih",N/A,Tidak
818,N/A,Puspita Sari,5,sebulan lalu,N/A,N/A,Tidak
819,N/A,Elygia inge,5,sebulan lalu,"Tempatnya baguss cocok untuk foto-foto sukaa💫!
Wildan juga baik ramah sekali!",N/A,Tidak
820,N/A,Natalie Angel,5,sebulan lalu,Windan orgnya ramah baik hatii,N/A,Tidak
821,N/A,Only One,5,sebulan lalu,Wildan asik,N/A,Tidak
822,N/A,samm midi,5,sebulan lalu,"Tempat keren buat nongki dan asik , kak wildan yg asik dengan pelayanan nya , hatur suksma , dan paling rekomen americanonya",N/A,Tidak
823,N/A,Naning 29,5,sebulan lalu,Pelayanan yang baik oleh Pak Wildan,N/A,Tidak
824,N/A,Karisma Novia,5,sebulan lalu,"kakak wildan orangnya baik hati banget, kocak , ramah juga",N/A,Tidak
825,N/A,Mitchy Lentey,5,sebulan lalu,"Ramah,estetik dan karyawannya baik-baik",N/A,Tidak
826,N/A,Michelle Kaligis,5,sebulan lalu,kakaknya green flag,N/A,Tidak
827,N/A,Sinta Anggraini,5,sebulan lalu,"tempatnya super cozyyy,pelayanannya jg okee,ramah ramah terutama mas wildan",N/A,Tidak
828,N/A,Astri Maharani,5,sebulan lalu,"tempatnya cozy abizzz, pelayanannya bintang 5 apalagii mas wildann",N/A,Tidak
829,N/A,Muhammad Fathan Firdaus,5,sebulan lalu,"mas wildan sama mbak tara ngasih pelayanan yang oke banget. pokoknya wajib coba C28 si, apalagi kalo yg shift mereka.",N/A,Tidak
830,N/A,Bima Palgunadi,5,sebulan lalu,"Mas Wildan dan Mbak Tara salah satu staff dan baritsanya bagus nii, keren juga tempatnya, pelayanannya keren banget.. jos",N/A,Tidak
831,N/A,Andra Hansyah,5,sebulan lalu,N/A,N/A,Tidak
832,N/A,Kamen Riderr,5,sebulan lalu,oke baik,N/A,Tidak
833,N/A,Rendy Rendy,5,sebulan lalu,N/A,N/A,Tidak
834,N/A,redvel Vet,5,sebulan lalu,N/A,N/A,Tidak
835,N/A,Syarifah Mudaim,5,sebulan lalu,N/A,N/A,Tidak
836,N/A,Ahmad Nashif,5,sebulan lalu,N/A,N/A,Tidak
837,N/A,Mas Satria,5,sebulan lalu,N/A,N/A,Tidak
838,N/A,Bintang Firman,5,sebulan lalu,N/A,N/A,Tidak
839,N/A,Rahardian iyon,5,sebulan lalu,N/A,N/A,Tidak
840,N/A,Qaddafi Sebryano Andrawan,5,sebulan lalu,N/A,N/A,Tidak
841,N/A,panoonya4,5,sebulan lalu,sangat keren tempat nya,N/A,Tidak
842,N/A,leoo delcastillo,5,sebulan lalu,N/A,N/A,Tidak
843,N/A,Aprisa,5,sebulan lalu,N/A,N/A,Tidak
844,N/A,isnaini maulida,5,sebulan lalu,tempatnya aesthetic nyamannn bangettt,N/A,Tidak
845,N/A,Windha Ratry Nawangsiwi,5,sebulan lalu,N/A,N/A,Tidak
846,N/A,Faradila Azizah annur,5,sebulan lalu,N/A,N/A,Tidak
847,N/A,ama ra,5,sebulan lalu,N/A,N/A,Tidak
848,N/A,nuri zahra,5,sebulan lalu,N/A,N/A,Tidak
849,N/A,Kahan Ainul,5,sebulan lalu,N/A,N/A,Tidak
850,N/A,Vito Edi Anggara,5,sebulan lalu,N/A,N/A,Tidak
851,N/A,ckk cill,5,sebulan lalu,N/A,N/A,Tidak
852,N/A,raihan rasya,5,sebulan lalu,N/A,N/A,Tidak
853,N/A,HAFID ADIDYA,5,sebulan lalu,N/A,N/A,Tidak
854,N/A,Kapasss Hitammm,5,sebulan lalu,N/A,N/A,Tidak
855,N/A,Ramdhan Fadliansyah,5,sebulan lalu,N/A,N/A,Tidak
856,N/A,Nazhif Gaming,5,sebulan lalu,N/A,N/A,Tidak
857,N/A,Venn,5,sebulan lalu,pemandangan yang bagus,N/A,Tidak
858,N/A,kid napme,5,sebulan lalu,N/A,N/A,Tidak
859,N/A,Erlangga,5,sebulan lalu,N/A,N/A,Tidak
860,N/A,Josua,5,sebulan lalu,N/A,N/A,Tidak
861,N/A,Kezia Gloria page,5,sebulan lalu,N/A,N/A,Tidak
862,N/A,Fane Mia,5,sebulan lalu,N/A,N/A,Tidak
863,N/A,Kevin Rehan,5,sebulan lalu,N/A,N/A,Tidak
864,N/A,Agha Rafid Zahin,5,sebulan lalu,N/A,N/A,Tidak
865,N/A,Arga Devand,5,sebulan lalu,N/A,N/A,Tidak
866,N/A,Owen Setiawan,5,sebulan lalu,N/A,N/A,Tidak
867,N/A,Ryzu,5,sebulan lalu,N/A,N/A,Tidak
868,N/A,Milfia Putri,5,sebulan lalu,"Yang suka matchaaa,, kudu mampir nihh,, matchaa nya enak bangeddd😋😋 …",N/A,Tidak
869,N/A,Haerunissa fitria,5,sebulan lalu,N/A,N/A,Tidak
870,N/A,IsmiHana,5,sebulan lalu,N/A,N/A,Tidak
871,N/A,meita kusumastuti,5,sebulan lalu,N/A,N/A,Tidak
872,N/A,fajria mokoginta,5,sebulan lalu,N/A,N/A,Tidak
873,N/A,Prastya Regina Putri Cathabell,5,sebulan lalu,N/A,N/A,Tidak
874,N/A,Daffa ramadhan,5,sebulan lalu,N/A,N/A,Tidak
875,N/A,Teguh Satrio,5,sebulan lalu,N/A,N/A,Tidak
876,N/A,Agasi Vivi,5,sebulan lalu,N/A,N/A,Tidak
877,N/A,Elya Rameyza,5,sebulan lalu,N/A,N/A,Tidak
878,N/A,Kavin Ahmada,5,sebulan lalu,N/A,N/A,Tidak
879,N/A,Daffa Yusnica,5,sebulan lalu,N/A,N/A,Tidak
880,N/A,Muh Arrasyad Ramadhan Hastoro,5,sebulan lalu,kereennnn dan enakk,N/A,Tidak
881,N/A,Muhammad Gama,5,sebulan lalu,Pelayanan sangat bagusss.,N/A,Tidak
882,N/A,Kevin Tri,5,sebulan lalu,"overrall tempatnya bagus,pelayanan cepet,kasir ramah",N/A,Tidak
883,N/A,akun gordon,5,sebulan lalu,N/A,N/A,Tidak
884,N/A,Adul Yusuf,5,sebulan lalu,N/A,N/A,Tidak
885,N/A,aneta Lutfiana,5,sebulan lalu,pelayanan ramah dan minumannya enak suasana nyaman buat nongkrong,N/A,Tidak
886,N/A,ERASIO BRILLIANT,5,sebulan lalu,N/A,N/A,Tidak
887,N/A,samanthaa,5,sebulan lalu,N/A,N/A,Tidak
888,N/A,Dinda Putri,5,sebulan lalu,enjoy bgt buat chill” 🥰,N/A,Tidak
889,N/A,versa bear,5,sebulan lalu,N/A,N/A,Tidak
890,N/A,Nurasih Hadina,5,sebulan lalu,N/A,N/A,Tidak
891,N/A,YulianaCandra Dewi,5,sebulan lalu,N/A,N/A,Tidak
892,N/A,Muhammad Damar,5,sebulan lalu,N/A,N/A,Tidak
893,N/A,Pangesti Desy10,5,sebulan lalu,N/A,N/A,Tidak
894,N/A,Salma Lia,5,sebulan lalu,N/A,N/A,Tidak
895,N/A,Sufina Azzahwa,5,sebulan lalu,N/A,N/A,Tidak
896,N/A,Satria Sinta,5,sebulan lalu,N/A,N/A,Tidak
897,N/A,dwi cid 4,5,sebulan lalu,N/A,N/A,Tidak
898,N/A,arvenda putra,5,sebulan lalu,N/A,N/A,Tidak
899,N/A,Hafis Azzar,5,sebulan lalu,N/A,N/A,Tidak
900,N/A,Safira celsa,5,sebulan lalu,N/A,N/A,Tidak
901,N/A,Rizal Java,5,sebulan lalu,N/A,N/A,Tidak
902,N/A,Aal,5,sebulan lalu,"keren, nyaman",N/A,Tidak
903,N/A,Yoga 1508,5,sebulan lalu,N/A,N/A,Tidak
904,N/A,Verisca Putri,5,sebulan lalu,N/A,N/A,Tidak
905,N/A,Aisya Rachma,5,sebulan lalu,N/A,N/A,Tidak
906,N/A,apri yanti,5,sebulan lalu,"tempatnya keren banget, minumannya suka, cheesecake nya best banget",N/A,Tidak
907,N/A,Joanna Arivenda,5,sebulan lalu,N/A,N/A,Tidak
908,N/A,Davin Gustian Nauval Zibral,5,sebulan lalu,N/A,N/A,Tidak
909,N/A,lina imut1,5,sebulan lalu,N/A,N/A,Tidak
910,N/A,Nur Wiyati,5,sebulan lalu,N/A,N/A,Tidak
911,N/A,ilham fikarsani,5,sebulan lalu,N/A,N/A,Tidak
912,N/A,melati sukajeongwoo,5,sebulan lalu,N/A,N/A,Tidak
913,N/A,Iyas Adnan,5,sebulan lalu,N/A,N/A,Tidak
914,N/A,elitia putri viona,5,sebulan lalu,N/A,N/A,Tidak
915,N/A,Reza Qodri,5,sebulan lalu,"pelayanan asik, baristanya ramah",N/A,Tidak
916,N/A,Anna Fzk4,5,sebulan lalu,"Pelayanan nya bagus banget, apalagi mas wildannnn nya✨✨✨✨",N/A,Tidak
917,N/A,Vita Ristiana,5,sebulan lalu,"Tempatnya cakep untuk foto. Enak untuk nugas, makanan enak.
Saya juga mendapatkan pelayanan baik dari mas wildan, dari mencari tempat sampai pesen makanan.. goodjob☺️",N/A,Tidak
918,N/A,Ky Rizky,5,sebulan lalu,N/A,N/A,Tidak
919,N/A,putri aulia,5,sebulan lalu,N/A,N/A,Tidak
920,N/A,Selvi Putri Kristina,5,sebulan lalu,N/A,N/A,Tidak
921,N/A,Roselina Dinara,5,sebulan lalu,N/A,N/A,Tidak
922,N/A,Desbrina Dini kusuma tri wardani,5,sebulan lalu,N/A,N/A,Tidak
923,N/A,Trilisya ayuuu,5,sebulan lalu,N/A,N/A,Tidak
924,N/A,Laras Dyah,5,sebulan lalu,N/A,N/A,Tidak
925,N/A,Jaimo Kemin,5,sebulan lalu,N/A,N/A,Tidak
926,N/A,Gagah Marchel,5,sebulan lalu,N/A,N/A,Tidak
927,N/A,hafizhaffarino Pradhika,5,sebulan lalu,N/A,N/A,Tidak
928,N/A,Althaf Afifah,5,sebulan lalu,N/A,N/A,Tidak
929,N/A,Fx Handoyo,5,sebulan lalu,N/A,N/A,Tidak
930,N/A,Jovan Ade,5,sebulan lalu,N/A,N/A,Tidak
931,N/A,marshanda Kiranaaa,5,sebulan lalu,N/A,N/A,Tidak
932,N/A,Cheryllia Talithatsany,5,sebulan lalu,N/A,N/A,Tidak
933,N/A,Naura,5,sebulan lalu,N/A,N/A,Tidak
934,N/A,Audrya Fasya Feridita,5,sebulan lalu,N/A,N/A,Tidak
935,N/A,registastj,5,sebulan lalu,N/A,N/A,Tidak
936,N/A,call_khayy,5,sebulan lalu,N/A,N/A,Tidak
937,N/A,Citra Nur Hidayah,5,sebulan lalu,N/A,N/A,Tidak
938,N/A,Ferlani Puspitasari,5,sebulan lalu,N/A,N/A,Tidak
939,N/A,Intan Permata Sari,5,sebulan lalu,N/A,N/A,Tidak
940,N/A,Amara Mita,5,sebulan lalu,N/A,N/A,Tidak
941,N/A,Wahyu Arya widada,5,sebulan lalu,N/A,N/A,Tidak
942,N/A,Dapin,5,sebulan lalu,N/A,N/A,Tidak
943,N/A,Joshua Kevin 14,5,sebulan lalu,N/A,N/A,Tidak
944,N/A,Dara Fernan07,5,sebulan lalu,N/A,N/A,Tidak
945,N/A,keylaoktavia keyla,5,sebulan lalu,N/A,N/A,Tidak
946,N/A,Krista Tiara,5,sebulan lalu,N/A,N/A,Tidak
947,N/A,Agni Suryapertiwi,5,sebulan lalu,N/A,N/A,Tidak
948,N/A,09Devina Anggita,5,sebulan lalu,pelayanannya sangat gercepp,N/A,Tidak
949,N/A,Yulian Bonji,5,sebulan lalu,N/A,N/A,Tidak
950,N/A,Fardian Dani sejati,5,sebulan lalu,N/A,N/A,Tidak
951,N/A,Farand Akhmad Brianartha,5,sebulan lalu,N/A,N/A,Tidak
952,N/A,Fayy Pat,5,sebulan lalu,Pelayanan bagus enak dan tempat bagus,N/A,Tidak
953,N/A,Nayyaka Bernadine,5,sebulan lalu,baik bagus ramah,N/A,Tidak
954,N/A,Mario Esguerra,5,sebulan lalu,"Great place buat nongkrong! Semua cabang c28 ga ada yang gagal 😻

Recommended 10/10!",N/A,Tidak
955,N/A,Izka Adika,5,sebulan lalu,"tempatnya nayaman bgt, enak kalo pagi pagi kesini karena belum terlalu rame jadi lebih leluasa kalo mau foto foto wkwk",N/A,Tidak
956,N/A,Nuzulul Syahadan,5,sebulan lalu,N/A,N/A,Tidak
957,N/A,Dea Kurnia,5,sebulan lalu,N/A,N/A,Tidak
958,N/A,Tsalsa Bella,5,sebulan lalu,N/A,N/A,Tidak
959,N/A,layinatul ichtafiana,5,sebulan lalu,direkomendasikan,N/A,Tidak
960,N/A,Wildan Wildan,5,sebulan lalu,Seru sekali tempatnya asik dan keC,N/A,Tidak
961,N/A,NOVITA INDRI WARDANI,5,sebulan lalu,N/A,N/A,Tidak
962,N/A,Rafi Wahyu aimanulah,5,sebulan lalu,N/A,N/A,Tidak
963,N/A,Fabian Gaming,5,sebulan lalu,N/A,N/A,Tidak
964,N/A,Rafi Rafi,5,sebulan lalu,N/A,N/A,Tidak
965,N/A,Nindya aulia Ramadhani,5,sebulan lalu,N/A,N/A,Tidak
966,N/A,nndiin._,5,sebulan lalu,N/A,N/A,Tidak
967,N/A,Zulva Alfa,5,sebulan lalu,First time cave nya enak nyaman minuman enak,N/A,Tidak
968,N/A,Firda Rosalinda,5,sebulan lalu,First time cafe disini bagus banget ruangan nyaman minuman enak,N/A,Tidak
969,N/A,Bunga Savitri,5,sebulan lalu,N/A,N/A,Tidak
970,N/A,Casey Aura,5,sebulan lalu,N/A,N/A,Tidak
971,N/A,frn film,5,sebulan lalu,"Minuman enak, suasana juga enak biat nongkrong🫶",N/A,Tidak
972,N/A,Nurrohadatul Aisy,5,sebulan lalu,Enakk bangett,N/A,Tidak
973,N/A,Raline,5,sebulan lalu,Enak,N/A,Tidak
974,N/A,Gustiarsyah alrafi Wijayanto,5,sebulan lalu,N/A,N/A,Tidak
975,N/A,Inggrid Meyra,5,sebulan lalu,N/A,N/A,Tidak
976,N/A,Muhammad Hafidz Rahmadani,5,sebulan lalu,N/A,N/A,Tidak
977,N/A,Aysah Seyla Safitri,5,sebulan lalu,N/A,N/A,Tidak
978,N/A,Hanifa Putri Nazalla,5,sebulan lalu,cocok bgtt buat anak muda terutama gen z wkwk rekomend bgt si nongkrong disinii for all pelayanan makanan minuman bintang 5!!! next bkl kesinii lgii siiii>.<,N/A,Tidak
979,N/A,Foster.,5,sebulan lalu,"Red velvetnya pas banget manisnya, tempatnya nyaman keren",N/A,Tidak
980,N/A,Azziva Meyvia Khalistabitha,5,sebulan lalu,N/A,N/A,Tidak
981,N/A,PCK07 CISILIA AFRA NAILA ARKARNA,5,sebulan lalu,N/A,N/A,Tidak
982,N/A,Valen Imelda,5,sebulan lalu,N/A,N/A,Tidak
983,N/A,muhammad ridho,5,sebulan lalu,N/A,N/A,Tidak
984,N/A,Irfan Afendi,5,sebulan lalu,"Tempat cozy, pelayanan ramah dan friendly. Termasuk salah satu pelayan bernama Wildan sangat sangat friendly dan cocok sbg temen baru 🤩",N/A,Tidak
985,N/A,Resi Pranaya,5,sebulan lalu,"Tempat nya asik, enak buat ngopi. Kak wildan orangnya ramah sekali, asik lah pokoknya wkwkw",N/A,Tidak
986,N/A,Pebi Aris Zadmiko,5,sebulan lalu,N/A,N/A,Tidak
987,N/A,Ade Yova Alfareza,5,sebulan lalu,N/A,N/A,Tidak
988,N/A,Diva Ramadhani,5,sebulan lalu,Tempatnya asik ngobrol sama kak Wildan seru parah,N/A,Tidak
989,N/A,Diah Prehat,5,sebulan lalu,"pelayanannya oke banget, kakaknya ramah, tempat, makan, minumnya enak, terkonsep",N/A,Tidak
990,N/A,aditya R,5,Diedit sebulan lalu,terlebih lagi pelayanan dari mas leon yang sangat memuaskan dan crew yang lain,N/A,Tidak
991,N/A,Cahyo Djawane,5,sebulan lalu,"bagus pelayananya baik ramah,tempatnya tidak membosankan jos markotop well
makasih mas leon",N/A,Tidak
992,N/A,amel chesa,5,sebulan lalu,kerennn,N/A,Tidak
993,N/A,Heru Jogja,5,sebulan lalu,N/A,N/A,Tidak
994,N/A,yogi iswantoro,5,sebulan lalu,N/A,N/A,Tidak
995,N/A,MUTTAQIN MUKTI WIBOWO,5,sebulan lalu,N/A,N/A,Tidak
996,N/A,Kendra Rafly,5,sebulan lalu,N/A,N/A,Tidak
997,N/A,Alda khilda,5,sebulan lalu,N/A,N/A,Tidak
998,N/A,Kuncoro Setyawan,5,sebulan lalu,N/A,N/A,Tidak
999,N/A,audri nur julianingsih,5,sebulan lalu,N/A,N/A,Tidak
1000,N/A,Sipa sipasipa,5,sebulan lalu,N/A,N/A,Tidak
1001,N/A,Zahira Vanesa,5,sebulan lalu,N/A,N/A,Tidak
1002,N/A,Amanda Nur,5,sebulan lalu,NIKMATI YA 🤙🏻,N/A,Tidak
1003,N/A,Tia Putri,5,sebulan lalu,N/A,N/A,Tidak
1004,N/A,Fadila Rahma,5,sebulan lalu,N/A,N/A,Tidak
1005,N/A,Debito Bimantoro,5,sebulan lalu,N/A,N/A,Tidak
1006,N/A,salsahoran,1,sebulan lalu,"mbak mbaknya judes, uang yang kami bayar blm masuk di kasir padahal sudah masuk . bukan mbak yang pakai koyo, yang kulitnya lebih gelap (bukan rasis) . setelah sekitar 2 jam baru di kembalikan tanpa eenyum maaf makasih",N/A,Tidak
1007,N/A,Fida Amatullah,5,sebulan lalu,artsy dan gen z abiesss,N/A,Tidak
1008,N/A,early ltf,5,sebulan lalu,N/A,N/A,Tidak
1009,N/A,wafiqqq 123,5,sebulan lalu,Pelayananya enkk topppp,N/A,Tidak
1010,N/A,susan melinda,5,sebulan lalu,N/A,N/A,Tidak
1011,N/A,malang satu,5,sebulan lalu,N/A,N/A,Tidak
1012,N/A,Nanda Iksani,5,sebulan lalu,N/A,N/A,Tidak
1013,N/A,Helmi permata Sari,5,sebulan lalu,N/A,N/A,Tidak
1014,N/A,shafa sabrina,5,sebulan lalu,N/A,N/A,Tidak
1015,N/A,Farellrizky OFFICIAL,5,sebulan lalu,N/A,N/A,Tidak
1016,N/A,nabigh fhrz,5,sebulan lalu,N/A,N/A,Tidak
1017,N/A,Zulfa Salmaa,5,sebulan lalu,N/A,N/A,Tidak
1018,N/A,Fajar Fauzy,5,sebulan lalu,N/A,N/A,Tidak
1019,N/A,23_ MaghFIRA Elvima Fasha,5,sebulan lalu,N/A,N/A,Tidak
1020,N/A,She CANTIKA Meilani Talita Wardani,5,sebulan lalu,N/A,N/A,Tidak
1021,N/A,refi astuti,5,sebulan lalu,N/A,N/A,Tidak
1022,N/A,Septi Andari,5,sebulan lalu,N/A,N/A,Tidak
1023,N/A,Fitria Fela,5,sebulan lalu,N/A,N/A,Tidak
1024,N/A,rizki nur setiawan,5,sebulan lalu,N/A,N/A,Tidak
1025,N/A,Kyla al,5,sebulan lalu,N/A,N/A,Tidak
1026,N/A,refarika farhan,5,sebulan lalu,nyaman bgt tempatnya sukaa dehh pelayanan juga oke,N/A,Tidak
1027,N/A,Rico Eljaza,5,sebulan lalu,N/A,N/A,Tidak
1028,N/A,abbiyyu zain adhiatma,5,sebulan lalu,N/A,N/A,Tidak
1029,N/A,Sefira Putri,5,sebulan lalu,N/A,N/A,Tidak
1030,N/A,liza kartika,5,sebulan lalu,N/A,N/A,Tidak
1031,N/A,Angga Tria,5,sebulan lalu,N/A,N/A,Tidak
1032,N/A,Putu yoga Pradnya,5,sebulan lalu,N/A,N/A,Tidak
1033,N/A,Maregean Zollysta,5,sebulan lalu,N/A,N/A,Tidak
1034,N/A,DWI MARETA,5,sebulan lalu,N/A,N/A,Tidak
1035,N/A,annisa rahma,5,sebulan lalu,N/A,N/A,Tidak
1036,N/A,Husnadinah Diyanah,5,sebulan lalu,N/A,N/A,Tidak
1037,N/A,Hasgian Adnan,5,sebulan lalu,N/A,N/A,Tidak
1038,N/A,galuh anggita sari,5,sebulan lalu,N/A,N/A,Tidak
1039,N/A,citra pangestika putri,5,sebulan lalu,N/A,N/A,Tidak
1040,N/A,Andreas Nainggolan,5,sebulan lalu,N/A,N/A,Tidak
1041,N/A,Polo Gaming,5,sebulan lalu,Sangat rekomendasi,N/A,Tidak
1042,N/A,Villa Ay,5,sebulan lalu,pelayanannya sngat baik,N/A,Tidak
1043,N/A,Mas Dimas,5,sebulan lalu,N/A,N/A,Tidak
1044,N/A,Noval Raihzarkasy,5,sebulan lalu,pelayanannya bagus banget,N/A,Tidak
1045,N/A,salsabila alda,5,sebulan lalu,"Cepatt pelayanann dan ramah,caffe  idamaan sekalii",N/A,Tidak
1046,N/A,Lubnayya Bilqis Nabila,5,sebulan lalu,"pelayanan oke, cepat, satset JOSJIS",N/A,Tidak
1047,N/A,Kiki Berliana R,5,sebulan lalu,pelayanan yang baik,N/A,Tidak
1048,N/A,Rizkiya Agnes,5,sebulan lalu,matcha latte nyaa enakk,N/A,Tidak
1049,N/A,Alif nur Aziz,5,sebulan lalu,"pelayanan bagus, minuman juga okee suasana mantap",N/A,Tidak
1050,N/A,Raffy,5,sebulan lalu,pelayangan oke bgtt,N/A,Tidak
1051,N/A,HaryantiDJ Djaelani,5,sebulan lalu,N/A,N/A,Tidak
1052,N/A,April Yathi,5,sebulan lalu,N/A,N/A,Tidak
1053,N/A,Agustinus aji Sulistyono Kurniawan,5,sebulan lalu,N/A,N/A,Tidak
1054,N/A,Aqil Khairan,5,sebulan lalu,"tempatnya estetik,kak enggar juga baik banget",N/A,Tidak
1055,N/A,Mareta Afela,5,sebulan lalu,N/A,N/A,Tidak
1056,N/A,Aprilia Tara Monica,5,sebulan lalu,N/A,N/A,Tidak
1057,N/A,199 Amelia Putri Ardina,5,sebulan lalu,N/A,N/A,Tidak
1058,N/A,Joanisa Vabriola,5,sebulan lalu,N/A,N/A,Tidak
1059,N/A,Velyn Janet,5,sebulan lalu,N/A,N/A,Tidak
1060,N/A,helennamessia,5,sebulan lalu,N/A,N/A,Tidak
1061,N/A,Vincentia Palupi,5,sebulan lalu,sukaa bgt sama tempatnyaa🫶🏼,N/A,Tidak
1062,N/A,Abrillia Fitriani,5,sebulan lalu,Keren dan nyaman tempatnya! Kopi dan pastrynya jg enak bgt!,N/A,Tidak
1063,N/A,Dinta ayu Alfiani,5,sebulan lalu,N/A,N/A,Tidak
1064,N/A,DAMAYANTI KUSUMA DEWI,5,sebulan lalu,Tempatnya bagus dan nyaman untuk belajar,N/A,Tidak
1065,N/A,Ayu Dewi Kurnia,5,sebulan lalu,Pelayanannya oke banget minumannya enak enak,N/A,Tidak
1066,N/A,Adinda Syahrani,5,sebulan lalu,taro nya enak🫰🏻🫰🏻 …,N/A,Tidak
1067,N/A,anna Sophia16,5,sebulan lalu,tempat nya bagus untuk foto’ cantik ala’ tiktok. main sama teman sambil nongki juga enak..apalagi pelayanan juga ramah..🥰 minuman juga sesuai dan nikmat,N/A,Tidak
1068,N/A,Raissa puspita,5,sebulan lalu,N/A,N/A,Tidak
1069,N/A,Dewi Safitri,5,sebulan lalu,N/A,N/A,Tidak
1070,N/A,Elma Angelia,5,sebulan lalu,N/A,N/A,Tidak
1071,N/A,ye ye,5,sebulan lalu,N/A,N/A,Tidak
1072,N/A,Ponisah,5,sebulan lalu,N/A,N/A,Tidak
1073,N/A,zahra revallina,5,sebulan lalu,N/A,N/A,Tidak
1074,N/A,Voivoi Iya,5,sebulan lalu,N/A,N/A,Tidak
1075,N/A,Anisa Nurul 'Aini,5,sebulan lalu,"kece abiez, lychee yakult nya enak seger",N/A,Tidak
1076,N/A,Antika Sastria Ningrum,5,sebulan lalu,N/A,N/A,Tidak
1077,N/A,Sari ayu Wulandari,5,sebulan lalu,N/A,N/A,Tidak
1078,N/A,nanda anindya,5,sebulan lalu,Pelayanan ramah,N/A,Tidak
1079,N/A,Abyan Fatahilah (Loli slayer),5,sebulan lalu,pelayanan ramah,N/A,Tidak
1080,N/A,Dira Alsilva,5,sebulan lalu,N/A,N/A,Tidak
1081,N/A,Adevani,5,sebulan lalu,N/A,N/A,Tidak
1082,N/A,Mariska Arviana,5,sebulan lalu,N/A,N/A,Tidak
1083,N/A,Adel Kwok,5,sebulan lalu,"Caffe 24 jam , enk buat nongki saat gabut",N/A,Tidak
1084,N/A,Nurul Azizah,5,sebulan lalu,N/A,N/A,Tidak
1085,N/A,Amanda Syakila,5,sebulan lalu,N/A,N/A,Tidak
1086,N/A,Zilvi Sabrina,5,sebulan lalu,N/A,N/A,Tidak
1087,N/A,Rosita Purnama sari,5,sebulan lalu,N/A,N/A,Tidak
1088,N/A,Christopher John Ansek,5,sebulan lalu,N/A,N/A,Tidak
1089,N/A,Abdurrahman Abiyyu Ramdhani,5,sebulan lalu,N/A,N/A,Tidak
1090,N/A,Nabilaaa Fallaah,5,sebulan lalu,sangat bagus,N/A,Tidak
1091,N/A,ATHFA DIENNOSAURUS,5,sebulan lalu,N/A,N/A,Tidak
1092,N/A,Jno Jono,5,sebulan lalu,"Tempatnya nyaman bet dahh, kalcer abizz",N/A,Tidak
1093,N/A,haechi cream,5,sebulan lalu,N/A,N/A,Tidak
1094,N/A,An Nisa Isnaini Br Sinaga,5,sebulan lalu,N/A,N/A,Tidak
1095,N/A,Dhina Novia,5,sebulan lalu,baik ramah,N/A,Tidak
1096,N/A,Laksita Rahma,5,sebulan lalu,tempatnya aesthetic menunya variatiff dan pelayanannya sangatt ramahh😍,N/A,Tidak
1097,N/A,Rayhana Chessa M,5,sebulan lalu,Cafe ter skennaaa wajib bgt ke sinii kopi nyaaa enaaa n suasana nya gaoll abiezz,N/A,Tidak
1098,N/A,Muhammad Aziz Eko Nugroho,5,sebulan lalu,N/A,N/A,Tidak
1099,N/A,Fifi Luthfiana,5,sebulan lalu,N/A,N/A,Tidak
1100,N/A,Bella Kierena,5,sebulan lalu,N/A,N/A,Tidak
1101,N/A,Ibu Nuning,5,sebulan lalu,N/A,N/A,Tidak
1102,N/A,Pavlov_ Eva Br. Nainggolan,5,sebulan lalu,"Tempatnya sangat bagus dan asik bgt, suasananya sangat seru",N/A,Tidak
1103,N/A,Rafilla Arnaisya,5,sebulan lalu,N/A,N/A,Tidak
1104,N/A,Gilbert Steven,5,sebulan lalu,N/A,N/A,Tidak
1105,N/A,Rima Amalia,5,sebulan lalu,N/A,N/A,Tidak
1106,N/A,Skyyy !!!!!!,5,sebulan lalu,N/A,N/A,Tidak
1107,N/A,17_JosephElkanArioSalvatorus,5,sebulan lalu,PELAYANAN CEPAT KILAT MANTAP,N/A,Tidak
1108,N/A,05_Feno,5,sebulan lalu,udah di akun satunya,N/A,Tidak
1109,N/A,Fatma Yuliani,5,sebulan lalu,N/A,N/A,Tidak
1110,N/A,Dandi Nugroho,5,sebulan lalu,"pelayanan ramah
tapi ikat helm diputusin kang parkir",N/A,Tidak
1111,N/A,Nabila Anasilimtiyas,5,sebulan lalu,N/A,N/A,Tidak
1112,N/A,vascal,5,sebulan lalu,N/A,N/A,Tidak
1113,N/A,Garin nathan,5,sebulan lalu,N/A,N/A,Tidak
1114,N/A,Wizrah S Ismail,5,sebulan lalu,N/A,N/A,Tidak
1115,N/A,Triana Devi,5,sebulan lalu,N/A,N/A,Tidak
1116,N/A,silvia aliyaa,5,sebulan lalu,N/A,N/A,Tidak
1117,N/A,ndaa,5,sebulan lalu,N/A,N/A,Tidak
1118,N/A,Hafna Manurung,5,sebulan lalu,N/A,N/A,Tidak
1119,N/A,riska fadillah,5,sebulan lalu,N/A,N/A,Tidak
1120,N/A,14_Irsa Ari Dwijayanti,5,sebulan lalu,N/A,N/A,Tidak
1121,N/A,raina febriyantari,5,sebulan lalu,minumnya enakk tempatnya pw,N/A,Tidak
1122,N/A,Yusufff Ahmd,5,sebulan lalu,N/A,N/A,Tidak
1123,N/A,Jesica Andriani,5,sebulan lalu,"pelayanan ramah bgttttt, banyak spot fotonya yang pasti bikin foto kalian esthetik

untuk pelayanan dari kak wildan sangat sopan dan ramahhh polll bestttttt!!",N/A,Tidak
1124,N/A,Fidya Nur Rohmannisa,5,sebulan lalu,"menu barunya enakk, matchanya ok!! pelayanan ok, ga bingung cari tempat karna pertama dateng langsung di arahin masnyaa, pas disana di arahin mas wildan, thankyou c28 for good experience 😇😇😍 …",N/A,Tidak
1125,N/A,Adzra Afifah Nurullana,5,sebulan lalu,Pesen menu barunya yang Cloudy Matcha dan turns out enak bgt! very creamy😋 Pelayanannya ok banget dari timnya terutama Mas Wildan yang very helpful. Keep out the good work!,N/A,Tidak
1126,N/A,Auliya Firyal Zahrah,5,sebulan lalu,"Secara keseluruhan pelayanannya bagus terutama dari Wildan, suasana dan kopinya juga enak. Pilihan yang bagus untuk nongkrong di kafe Jogja 👍🏼",N/A,Tidak
1127,N/A,Nanda Putri,5,sebulan lalu,"tempatnya cozy, cocok buat nugas dan nongkrong.",N/A,Tidak
1128,N/A,ivan muzam,5,sebulan lalu,N/A,N/A,Tidak
1129,N/A,Tsania Alfina,5,sebulan lalu,N/A,N/A,Tidak
1130,N/A,Ulfa Rahmawati,5,sebulan lalu,"Tempatnya nyaman, ada photoboxnya juga, cloud lattenya enakk!!",N/A,Tidak
1131,N/A,zahra znry,5,sebulan lalu,"ka wildan super duper caree dan ramah banget, dari awal dateng pelayanannya bagus banget, kopinya juga enak banget!!!",N/A,Tidak
1132,N/A,Gabriel Fadhly Z,5,sebulan lalu,N/A,N/A,Tidak
1133,N/A,Verdy Radityaprabaswara,5,sebulan lalu,N/A,N/A,Tidak
1134,N/A,Arliza Dya,5,sebulan lalu,N/A,N/A,Tidak
1135,N/A,Nurul Hidayatika putri,5,sebulan lalu,N/A,N/A,Tidak
1136,N/A,cadangan,5,sebulan lalu,N/A,N/A,Tidak
1137,N/A,gerardd mahardika,5,sebulan lalu,"ramah, aman baguss tempatnya",N/A,Tidak
1138,N/A,Ray Chand,5,sebulan lalu,"suasana nyaman , kopi enak ,",N/A,Tidak
1139,N/A,Putri Aisyah Pramesti Wahyudinita,5,sebulan lalu,N/A,N/A,Tidak
1140,N/A,ria widi hastuti,5,sebulan lalu,"bagus banget tempatnya!! pelayanan nya juga rama recomend sih buat tmn""",N/A,Tidak
1141,N/A,Novi Mayangsari,5,sebulan lalu,"Bagus, tempatnya estetik banget cocok buat nongkrong",N/A,Tidak
1142,N/A,Arif Kurniawan,5,sebulan lalu,"Tempat yg bagus buat nikmatin waktu sendiri maupun sama temann, mantapp",N/A,Tidak
1143,N/A,king repal,5,sebulan lalu,"pelayanan ramah,coffe, non coffe enak,disert enak, spot foto banyak, tempatnya nyaman",N/A,Tidak
1144,N/A,Muhammad Agis,5,sebulan lalu,mantap tempat nya luas dan terjangkau (kak ahnaf),N/A,Tidak
1145,N/A,purple firyal,5,sebulan lalu,N/A,N/A,Tidak
1146,N/A,isyana Kamila,5,sebulan lalu,"tempatnya cozyyy, pelayanannya ramahhh, kopinya enakkkk topp pokoknyaa mahh",N/A,Tidak
1147,N/A,miftahul aura,5,sebulan lalu,N/A,N/A,Tidak
1148,N/A,Hasna Nadine,5,sebulan lalu,N/A,N/A,Tidak
1149,N/A,adam heru,5,sebulan lalu,"Tempatnya cozy, kopi nya juga enak. Bakal kesini terus si",N/A,Tidak
1150,N/A,sarah aliyul,5,sebulan lalu,"Cozy, Enak, Pistachio Matcha Oat nya enak banget!",N/A,Tidak
1151,N/A,Selvi Alfauzian,5,sebulan lalu,N/A,N/A,Tidak
1152,N/A,Ananda Thalia,5,sebulan lalu,enak kalcer abiz,N/A,Tidak
1153,N/A,Muhammad Fiqram,5,sebulan lalu,"semenjak mas wildan di c28, rasa ingin kembali semakin besar 🙏 …",N/A,Tidak
1154,N/A,M Rian prasetiyo,5,sebulan lalu,N/A,N/A,Tidak
1155,N/A,Sandi Anggara,5,sebulan lalu,"Tempatnya bagus banget, pelayanan ramah banget",N/A,Tidak
1156,N/A,AyuChristiana VidyAngelia,2,sebulan lalu,Harga parkir mobil gamasuk akal bapaktua rambut putih mobil sebelah diminta uang 5rb kami dimintai 10rb dgn alasan mobil sblh orng dalam pdhl jelas” sama aja ke cafe seperti pelanggan biasa,N/A,Tidak
1157,N/A,Istia Nova,1,sebulan lalu,"Tukang parkir ga jelas, parkir mobil 10k dan sebelah ditarik 5k katanya karna orng dalam. Gjls bgt",N/A,Tidak
1158,N/A,Debby Novinda Angelica Putri,5,sebulan lalu,N/A,N/A,Tidak
1159,N/A,rafi official,5,sebulan lalu,N/A,N/A,Tidak
1160,N/A,Rika Rahmania,5,sebulan lalu,"Enak buat nongkrong. buka 24 jam, vibe nya bagus. Pelayanan nya bagus, staf nya ramah2.   Terimakasih",N/A,Tidak
1161,N/A,ziziee,5,sebulan lalu,N/A,N/A,Tidak
1162,N/A,Vanny maria,5,sebulan lalu,N/A,N/A,Tidak
1163,N/A,Dhia R.a,5,sebulan lalu,N/A,N/A,Tidak
1164,N/A,Moonton 09,5,sebulan lalu,N/A,N/A,Tidak
1165,N/A,Arbilla Hawa Khomairoch-XI-7,5,sebulan lalu,N/A,N/A,Tidak
1166,N/A,Ririn Dwi,5,sebulan lalu,N/A,N/A,Tidak
1167,N/A,Salwa dwi Astarini,5,sebulan lalu,N/A,N/A,Tidak
1168,N/A,Talia Kurniatul Atiqah,5,sebulan lalu,N/A,N/A,Tidak
1169,N/A,Zaa,5,sebulan lalu,N/A,N/A,Tidak
1170,N/A,Milo Jr,5,sebulan lalu,N/A,N/A,Tidak
